,Bangalore-Weight Based-x4,Bangalore-Weight Based-x3,Bangalore-Weight Based-x2,Bangalore-Weight Based-x1,Bangalore-Weight Based-x0,Chennai-Weight Based-x4,Chennai-Weight Based-x3,Chennai-Weight Based-x2,Chennai-Weight Based-x1,Chennai-Weight Based-x0,Kolkata-Weight Based-x4,Kolkata-Weight Based-x3,Kolkata-Weight Based-x2,Kolkata-Weight Based-x1,Kolkata-Weight Based-x0,Mumbai-Weight Based-x4,Mumbai-Weight Based-x3,Mumbai-Weight Based-x2,Mumbai-Weight Based-x1,Mumbai-Weight Based-x0,New Delhi-Weight Based-x4,New Delhi-Weight Based-x3,New Delhi-Weight Based-x2,New Delhi-Weight Based-x1,New Delhi-Weight Based-x0,India-Weight Based-x4,India-Weight Based-x3,India-Weight Based-x2,India-Weight Based-x1,India-Weight Based-x0,World-Weight Based-x4,World-Weight Based-x3,World-Weight Based-x2,World-Weight Based-x1,World-Weight Based-x0,Units-Weight Based-,Bangalore-Volume Based-x4,Bangalore-Volume Based-x3,Bangalore-Volume Based-x2,Bangalore-Volume Based-x1,Bangalore-Volume Based-x0,Chennai-Volume Based-x4,Chennai-Volume Based-x3,Chennai-Volume Based-x2,Chennai-Volume Based-x1,Chennai-Volume Based-x0,Kolkata-Volume Based-x4,Kolkata-Volume Based-x3,Kolkata-Volume Based-x2,Kolkata-Volume Based-x1,Kolkata-Volume Based-x0,Mumbai-Volume Based-x4,Mumbai-Volume Based-x3,Mumbai-Volume Based-x2,Mumbai-Volume Based-x1,Mumbai-Volume Based-x0,New Delhi-Volume Based-x4,New Delhi-Volume Based-x3,New Delhi-Volume Based-x2,New Delhi-Volume Based-x1,New Delhi-Volume Based-x0,India-Volume Based-x4,India-Volume Based-x3,India-Volume Based-x2,India-Volume Based-x1,India-Volume Based-x0,World-Volume Based-x4,World-Volume Based-x3,World-Volume Based-x2,World-Volume Based-x1,World-Volume Based-x0,Units-Volume Based-,Bangalore-Cost Based-x4,Bangalore-Cost Based-x3,Bangalore-Cost Based-x2,Bangalore-Cost Based-x1,Bangalore-Cost Based-x0,Chennai-Cost Based-x4,Chennai-Cost Based-x3,Chennai-Cost Based-x2,Chennai-Cost Based-x1,Chennai-Cost Based-x0,Kolkata-Cost Based-x4,Kolkata-Cost Based-x3,Kolkata-Cost Based-x2,Kolkata-Cost Based-x1,Kolkata-Cost Based-x0,Mumbai-Cost Based-x4,Mumbai-Cost Based-x3,Mumbai-Cost Based-x2,Mumbai-Cost Based-x1,Mumbai-Cost Based-x0,New Delhi-Cost Based-x4,New Delhi-Cost Based-x3,New Delhi-Cost Based-x2,New Delhi-Cost Based-x1,New Delhi-Cost Based-x0,India-Cost Based-x4,India-Cost Based-x3,India-Cost Based-x2,India-Cost Based-x1,India-Cost Based-x0,World-Cost Based-x4,World-Cost Based-x3,World-Cost Based-x2,World-Cost Based-x1,World-Cost Based-x0,Units-Cost Based-,Bangalore-Distance (Vehicle) Based-x4,Bangalore-Distance (Vehicle) Based-x3,Bangalore-Distance (Vehicle) Based-x2,Bangalore-Distance (Vehicle) Based-x1,Bangalore-Distance (Vehicle) Based-x0,Chennai-Distance (Vehicle) Based-x4,Chennai-Distance (Vehicle) Based-x3,Chennai-Distance (Vehicle) Based-x2,Chennai-Distance (Vehicle) Based-x1,Chennai-Distance (Vehicle) Based-x0,Kolkata-Distance (Vehicle) Based-x4,Kolkata-Distance (Vehicle) Based-x3,Kolkata-Distance (Vehicle) Based-x2,Kolkata-Distance (Vehicle) Based-x1,Kolkata-Distance (Vehicle) Based-x0,Mumbai-Distance (Vehicle) Based-x4,Mumbai-Distance (Vehicle) Based-x3,Mumbai-Distance (Vehicle) Based-x2,Mumbai-Distance (Vehicle) Based-x1,Mumbai-Distance (Vehicle) Based-x0,New Delhi-Distance (Vehicle) Based-x4,New Delhi-Distance (Vehicle) Based-x3,New Delhi-Distance (Vehicle) Based-x2,New Delhi-Distance (Vehicle) Based-x1,New Delhi-Distance (Vehicle) Based-x0,India-Distance (Vehicle) Based-x4,India-Distance (Vehicle) Based-x3,India-Distance (Vehicle) Based-x2,India-Distance (Vehicle) Based-x1,India-Distance (Vehicle) Based-x0,World-Distance (Vehicle) Based-x4,World-Distance (Vehicle) Based-x3,World-Distance (Vehicle) Based-x2,World-Distance (Vehicle) Based-x1,World-Distance (Vehicle) Based-x0,Units-Distance (Vehicle) Based-,Bangalore-Distance (Passenger) Based-x4,Bangalore-Distance (Passenger) Based-x3,Bangalore-Distance (Passenger) Based-x2,Bangalore-Distance (Passenger) Based-x1,Bangalore-Distance (Passenger) Based-x0,Chennai-Distance (Passenger) Based-x4,Chennai-Distance (Passenger) Based-x3,Chennai-Distance (Passenger) Based-x2,Chennai-Distance (Passenger) Based-x1,Chennai-Distance (Passenger) Based-x0,Kolkata-Distance (Passenger) Based-x4,Kolkata-Distance (Passenger) Based-x3,Kolkata-Distance (Passenger) Based-x2,Kolkata-Distance (Passenger) Based-x1,Kolkata-Distance (Passenger) Based-x0,Mumbai-Distance (Passenger) Based-x4,Mumbai-Distance (Passenger) Based-x3,Mumbai-Distance (Passenger) Based-x2,Mumbai-Distance (Passenger) Based-x1,Mumbai-Distance (Passenger) Based-x0,New Delhi-Distance (Passenger) Based-x4,New Delhi-Distance (Passenger) Based-x3,New Delhi-Distance (Passenger) Based-x2,New Delhi-Distance (Passenger) Based-x1,New Delhi-Distance (Passenger) Based-x0,India-Distance (Passenger) Based-x4,India-Distance (Passenger) Based-x3,India-Distance (Passenger) Based-x2,India-Distance (Passenger) Based-x1,India-Distance (Passenger) Based-x0,World-Distance (Passenger) Based-x4,World-Distance (Passenger) Based-x3,World-Distance (Passenger) Based-x2,World-Distance (Passenger) Based-x1,World-Distance (Passenger) Based-x0,Units-Distance (Passenger) Based-,Bangalore-Duration (Vehicle) Based-x4,Bangalore-Duration (Vehicle) Based-x3,Bangalore-Duration (Vehicle) Based-x2,Bangalore-Duration (Vehicle) Based-x1,Bangalore-Duration (Vehicle) Based-x0,Chennai-Duration (Vehicle) Based-x4,Chennai-Duration (Vehicle) Based-x3,Chennai-Duration (Vehicle) Based-x2,Chennai-Duration (Vehicle) Based-x1,Chennai-Duration (Vehicle) Based-x0,Kolkata-Duration (Vehicle) Based-x4,Kolkata-Duration (Vehicle) Based-x3,Kolkata-Duration (Vehicle) Based-x2,Kolkata-Duration (Vehicle) Based-x1,Kolkata-Duration (Vehicle) Based-x0,Mumbai-Duration (Vehicle) Based-x4,Mumbai-Duration (Vehicle) Based-x3,Mumbai-Duration (Vehicle) Based-x2,Mumbai-Duration (Vehicle) Based-x1,Mumbai-Duration (Vehicle) Based-x0,New Delhi-Duration (Vehicle) Based-x4,New Delhi-Duration (Vehicle) Based-x3,New Delhi-Duration (Vehicle) Based-x2,New Delhi-Duration (Vehicle) Based-x1,New Delhi-Duration (Vehicle) Based-x0,India-Duration (Vehicle) Based-x4,India-Duration (Vehicle) Based-x3,India-Duration (Vehicle) Based-x2,India-Duration (Vehicle) Based-x1,India-Duration (Vehicle) Based-x0,World-Duration (Vehicle) Based-x4,World-Duration (Vehicle) Based-x3,World-Duration (Vehicle) Based-x2,World-Duration (Vehicle) Based-x1,World-Duration (Vehicle) Based-x0,Units-Duration (Vehicle) Based-,Bangalore-Duration (Passenger) Based-x4,Bangalore-Duration (Passenger) Based-x3,Bangalore-Duration (Passenger) Based-x2,Bangalore-Duration (Passenger) Based-x1,Bangalore-Duration (Passenger) Based-x0,Chennai-Duration (Passenger) Based-x4,Chennai-Duration (Passenger) Based-x3,Chennai-Duration (Passenger) Based-x2,Chennai-Duration (Passenger) Based-x1,Chennai-Duration (Passenger) Based-x0,Kolkata-Duration (Passenger) Based-x4,Kolkata-Duration (Passenger) Based-x3,Kolkata-Duration (Passenger) Based-x2,Kolkata-Duration (Passenger) Based-x1,Kolkata-Duration (Passenger) Based-x0,Mumbai-Duration (Passenger) Based-x4,Mumbai-Duration (Passenger) Based-x3,Mumbai-Duration (Passenger) Based-x2,Mumbai-Duration (Passenger) Based-x1,Mumbai-Duration (Passenger) Based-x0,New Delhi-Duration (Passenger) Based-x4,New Delhi-Duration (Passenger) Based-x3,New Delhi-Duration (Passenger) Based-x2,New Delhi-Duration (Passenger) Based-x1,New Delhi-Duration (Passenger) Based-x0,India-Duration (Passenger) Based-x4,India-Duration (Passenger) Based-x3,India-Duration (Passenger) Based-x2,India-Duration (Passenger) Based-x1,India-Duration (Passenger) Based-x0,World-Duration (Passenger) Based-x4,World-Duration (Passenger) Based-x3,World-Duration (Passenger) Based-x2,World-Duration (Passenger) Based-x1,World-Duration (Passenger) Based-x0,Units-Duration (Passenger) Based-,Bangalore-Energy (kWh) Based-x4,Bangalore-Energy (kWh) Based-x3,Bangalore-Energy (kWh) Based-x2,Bangalore-Energy (kWh) Based-x1,Bangalore-Energy (kWh) Based-x0,Chennai-Energy (kWh) Based-x4,Chennai-Energy (kWh) Based-x3,Chennai-Energy (kWh) Based-x2,Chennai-Energy (kWh) Based-x1,Chennai-Energy (kWh) Based-x0,Kolkata-Energy (kWh) Based-x4,Kolkata-Energy (kWh) Based-x3,Kolkata-Energy (kWh) Based-x2,Kolkata-Energy (kWh) Based-x1,Kolkata-Energy (kWh) Based-x0,Mumbai-Energy (kWh) Based-x4,Mumbai-Energy (kWh) Based-x3,Mumbai-Energy (kWh) Based-x2,Mumbai-Energy (kWh) Based-x1,Mumbai-Energy (kWh) Based-x0,New Delhi-Energy (kWh) Based-x4,New Delhi-Energy (kWh) Based-x3,New Delhi-Energy (kWh) Based-x2,New Delhi-Energy (kWh) Based-x1,New Delhi-Energy (kWh) Based-x0,India-Energy (kWh) Based-x4,India-Energy (kWh) Based-x3,India-Energy (kWh) Based-x2,India-Energy (kWh) Based-x1,India-Energy (kWh) Based-x0,World-Energy (kWh) Based-x4,World-Energy (kWh) Based-x3,World-Energy (kWh) Based-x2,World-Energy (kWh) Based-x1,World-Energy (kWh) Based-x0,Units-Energy (kWh) Based-,Bangalore-Energy (TJ) Based-x4,Bangalore-Energy (TJ) Based-x3,Bangalore-Energy (TJ) Based-x2,Bangalore-Energy (TJ) Based-x1,Bangalore-Energy (TJ) Based-x0,Chennai-Energy (TJ) Based-x4,Chennai-Energy (TJ) Based-x3,Chennai-Energy (TJ) Based-x2,Chennai-Energy (TJ) Based-x1,Chennai-Energy (TJ) Based-x0,Kolkata-Energy (TJ) Based-x4,Kolkata-Energy (TJ) Based-x3,Kolkata-Energy (TJ) Based-x2,Kolkata-Energy (TJ) Based-x1,Kolkata-Energy (TJ) Based-x0,Mumbai-Energy (TJ) Based-x4,Mumbai-Energy (TJ) Based-x3,Mumbai-Energy (TJ) Based-x2,Mumbai-Energy (TJ) Based-x1,Mumbai-Energy (TJ) Based-x0,New Delhi-Energy (TJ) Based-x4,New Delhi-Energy (TJ) Based-x3,New Delhi-Energy (TJ) Based-x2,New Delhi-Energy (TJ) Based-x1,New Delhi-Energy (TJ) Based-x0,India-Energy (TJ) Based-x4,India-Energy (TJ) Based-x3,India-Energy (TJ) Based-x2,India-Energy (TJ) Based-x1,India-Energy (TJ) Based-x0,World-Energy (TJ) Based-x4,World-Energy (TJ) Based-x3,World-Energy (TJ) Based-x2,World-Energy (TJ) Based-x1,World-Energy (TJ) Based-x0,Units-Energy (TJ) Based-,Bangalore-Area Based-x4,Bangalore-Area Based-x3,Bangalore-Area Based-x2,Bangalore-Area Based-x1,Bangalore-Area Based-x0,Chennai-Area Based-x4,Chennai-Area Based-x3,Chennai-Area Based-x2,Chennai-Area Based-x1,Chennai-Area Based-x0,Kolkata-Area Based-x4,Kolkata-Area Based-x3,Kolkata-Area Based-x2,Kolkata-Area Based-x1,Kolkata-Area Based-x0,Mumbai-Area Based-x4,Mumbai-Area Based-x3,Mumbai-Area Based-x2,Mumbai-Area Based-x1,Mumbai-Area Based-x0,New Delhi-Area Based-x4,New Delhi-Area Based-x3,New Delhi-Area Based-x2,New Delhi-Area Based-x1,New Delhi-Area Based-x0,India-Area Based-x4,India-Area Based-x3,India-Area Based-x2,India-Area Based-x1,India-Area Based-x0,World-Area Based-x4,World-Area Based-x3,World-Area Based-x2,World-Area Based-x1,World-Area Based-x0,Units-Area Based-,Bangalore-Journey Based-x4,Bangalore-Journey Based-x3,Bangalore-Journey Based-x2,Bangalore-Journey Based-x1,Bangalore-Journey Based-x0,Chennai-Journey Based-x4,Chennai-Journey Based-x3,Chennai-Journey Based-x2,Chennai-Journey Based-x1,Chennai-Journey Based-x0,Kolkata-Journey Based-x4,Kolkata-Journey Based-x3,Kolkata-Journey Based-x2,Kolkata-Journey Based-x1,Kolkata-Journey Based-x0,Mumbai-Journey Based-x4,Mumbai-Journey Based-x3,Mumbai-Journey Based-x2,Mumbai-Journey Based-x1,Mumbai-Journey Based-x0,New Delhi-Journey Based-x4,New Delhi-Journey Based-x3,New Delhi-Journey Based-x2,New Delhi-Journey Based-x1,New Delhi-Journey Based-x0,India-Journey Based-x4,India-Journey Based-x3,India-Journey Based-x2,India-Journey Based-x1,India-Journey Based-x0,World-Journey Based-x4,World-Journey Based-x3,World-Journey Based-x2,World-Journey Based-x1,World-Journey Based-x0,Units-Journey Based-,Bangalore-weight-distance based-x4,Bangalore-weight-distance based-x3,Bangalore-weight-distance based-x2,Bangalore-weight-distance based-x1,Bangalore-weight-distance based-x0,Chennai-weight-distance based-x4,Chennai-weight-distance based-x3,Chennai-weight-distance based-x2,Chennai-weight-distance based-x1,Chennai-weight-distance based-x0,Kolkata-weight-distance based-x4,Kolkata-weight-distance based-x3,Kolkata-weight-distance based-x2,Kolkata-weight-distance based-x1,Kolkata-weight-distance based-x0,Mumbai-weight-distance based-x4,Mumbai-weight-distance based-x3,Mumbai-weight-distance based-x2,Mumbai-weight-distance based-x1,Mumbai-weight-distance based-x0,New Delhi-weight-distance based-x4,New Delhi-weight-distance based-x3,New Delhi-weight-distance based-x2,New Delhi-weight-distance based-x1,New Delhi-weight-distance based-x0,India-weight-distance based-x4,India-weight-distance based-x3,India-weight-distance based-x2,India-weight-distance based-x1,India-weight-distance based-x0,World-weight-distance based-x4,World-weight-distance based-x3,World-weight-distance based-x2,World-weight-distance based-x1,World-weight-distance based-x0,Units-weight-distance based-,Bangalore-volume-distance based-x4,Bangalore-volume-distance based-x3,Bangalore-volume-distance based-x2,Bangalore-volume-distance based-x1,Bangalore-volume-distance based-x0,Chennai-volume-distance based-x4,Chennai-volume-distance based-x3,Chennai-volume-distance based-x2,Chennai-volume-distance based-x1,Chennai-volume-distance based-x0,Kolkata-volume-distance based-x4,Kolkata-volume-distance based-x3,Kolkata-volume-distance based-x2,Kolkata-volume-distance based-x1,Kolkata-volume-distance based-x0,Mumbai-volume-distance based-x4,Mumbai-volume-distance based-x3,Mumbai-volume-distance based-x2,Mumbai-volume-distance based-x1,Mumbai-volume-distance based-x0,New Delhi-volume-distance based-x4,New Delhi-volume-distance based-x3,New Delhi-volume-distance based-x2,New Delhi-volume-distance based-x1,New Delhi-volume-distance based-x0,India-volume-distance based-x4,India-volume-distance based-x3,India-volume-distance based-x2,India-volume-distance based-x1,India-volume-distance based-x0,World-volume-distance based-x4,World-volume-distance based-x3,World-volume-distance based-x2,World-volume-distance based-x1,World-volume-distance based-x0,Units-volume-distance based-,Bangalore-piece based-x4,Bangalore-piece based-x3,Bangalore-piece based-x2,Bangalore-piece based-x1,Bangalore-piece based-x0,Chennai-piece based-x4,Chennai-piece based-x3,Chennai-piece based-x2,Chennai-piece based-x1,Chennai-piece based-x0,Kolkata-piece based-x4,Kolkata-piece based-x3,Kolkata-piece based-x2,Kolkata-piece based-x1,Kolkata-piece based-x0,Mumbai-piece based-x4,Mumbai-piece based-x3,Mumbai-piece based-x2,Mumbai-piece based-x1,Mumbai-piece based-x0,New Delhi-piece based-x4,New Delhi-piece based-x3,New Delhi-piece based-x2,New Delhi-piece based-x1,New Delhi-piece based-x0,India-piece based-x4,India-piece based-x3,India-piece based-x2,India-piece based-x1,India-piece based-x0,World-piece based-x4,World-piece based-x3,World-piece based-x2,World-piece based-x1,World-piece based-x0,Units-piece based-,,,,
Electricity - Purchased Electricity -  -  - Regional Grid -  -  - -  -  - Grid -  - ,,,,,,,,,,,,,,,,,,,,,,,,,,,,,,,,,,,,,,,,,,,,,,,,,,,,,,,,,,,,,,,,,,,,,,,,,-5.99E-14,1.48E-09,-1.17E-05,0.248429968,44.20344767,-2.99E-14,5.92E-10,-4.44E-06,0.339950415,104.9054052,-7.40E-14,1.67E-09,-1.31E-05,0.234317667,42.4892867,-2.11E-13,5.09E-09,-4.35E-05,0.262147911,29.32308592,-1.27E-13,2.86E-09,-2.25E-05,0.287886414,50.7125681,-9.40E-14,2.32E-09,-1.89E-05,0.290261607,61.89077988,,,,,,,,,,,,,,,,,,,,,,,,,,,,,,,,,,,,,,,,,,,,,,,,,,,,,,,,,,,,,,,,,,,,,,,,,,,,,,,,,,,,,,,,,,,,,,,,,,,,,,,,,,,,,,,,,,,,,,,,,,,,,,,,,,,,,,,,,,,,,,,,,,,,,,,,,,,,,,,,,,,,,,,,,,,,,,,,,,,,,,,,,,,,,,,,,,,,,,,,,,,,,,,,,,,,,,,,,,,,,,,,,,,,,,,,,,,,,,,,,,,,,,,,,,,,,,,,,,,,,,,,,,,,,,,,,,,,,,,,,,,,,,,,,,,,,,,,,,,,,,,,,,,,,,,,,,,,,,,,,,,,,,,,,,,,,,,,,,,,,,,,,,,,,,,,,,,,,,,,,,,,,,,,,,,,,,,,,,,,,,,,,,,,,,,,,,,,,,,,,,,,,,
Electricity T&D Losses - Purchased Electricity -  -  - Regional Grid -  -  - -  -  - Grid -  - ,,,,,,,,,,,,,,,,,,,,,,,,,,,,,,,,,,,,,,,,,,,,,,,,,,,,,,,,,,,,,,,,,,,,,,,,,-1.67E-14,4.14E-10,-3.25E-06,0.069218418,12.31611773,-8.34E-15,1.65E-10,-1.24E-06,0.094718162,29.22910742,-2.06E-14,4.67E-10,-3.66E-06,0.0652864,11.83851226,-5.89E-14,1.42E-09,-1.21E-05,0.073040559,8.170099783,-3.53E-14,7.97E-10,-6.27E-06,0.08021191,14.12971141,-2.62E-14,6.47E-10,-5.27E-06,0.080873694,17.2442235,,,,,,,,,,,,,,,,,,,,,,,,,,,,,,,,,,,,,,,,,,,,,,,,,,,,,,,,,,,,,,,,,,,,,,,,,,,,,,,,,,,,,,,,,,,,,,,,,,,,,,,,,,,,,,,,,,,,,,,,,,,,,,,,,,,,,,,,,,,,,,,,,,,,,,,,,,,,,,,,,,,,,,,,,,,,,,,,,,,,,,,,,,,,,,,,,,,,,,,,,,,,,,,,,,,,,,,,,,,,,,,,,,,,,,,,,,,,,,,,,,,,,,,,,,,,,,,,,,,,,,,,,,,,,,,,,,,,,,,,,,,,,,,,,,,,,,,,,,,,,,,,,,,,,,,,,,,,,,,,,,,,,,,,,,,,,,,,,,,,,,,,,,,,,,,,,,,,,,,,,,,,,,,,,,,,,,,,,,,,,,,,,,,,,,,,,,,,,,,,,,,,,,
Fossil Fuels - Liquefied Petroleum Gases - LPG Cylinder -  -  -  -  -Cooking - Domestic -  -  -  - ,,,,,,,,,,,,,,,,,,,,,,,,,,,,,2.99,,,,,,,kg CO2e/kg fuel,,,,,,,,,,,,,,,,,,,,,,,,,,,,,,,,,,,,kg CO2e/liter fuel,,,,,,,,,,,,,,,,,,,,,,,,,,,,,0.105572543,,,,,,,kg CO2e/Rs,,,,,,,,,,,,,,,,,,,,,,,,,,,,,,,,,,,,,,,,,,,,,,,,,,,,,,,,,,,,,,,,,,,,,,,,,,,,,,,,,,,,,,,,,,,,,,,,,,,,,,,,,,,,,,,,,,,,,,,,,,,,,,,,,,,,,,,,,,,,,,,,,,,,,,,,,,,,,,,,,,,,,,,,,,,,,,,,,,,,,,,,,,,,,,,,,,,,,,,,,,,,,,,,,63152,,,,,,,kgCO2e/TJ,,,,,,,,,,,,,,,,,,,,,,,,,,,,,,,,,,,,,,,,,,,,,,,,,,,,,,,,,,,,,,,,,,,,,,,,,,,,,,,,,,,,,,,,,,,,,,,,,,,,,,,,,,,,,,,,,,,,,,,,,,,,,,,,,,,,,,,,,,,,,,,,,,,,,,,,,,,,,,,,,,,,,,,,,,,,,,,,,,,,,,,,
Fossil Fuels - Liquefied Petroleum Gases - LPG Cylinder -  -  -  -  -Cooking - Commercial -  -  -  - ,,,,,,,,,,,,,,,,,,,,,,,,,,,,,2.99,,,,,,,kg CO2e/kg fuel,,,,,,,,,,,,,,,,,,,,,,,,,,,,,,,,,,,,kg CO2e/liter fuel,,,,,,,,,,,,,,,,,,,,,,,,,,,,,0.04623601,,,,,,,kg CO2e/Rs,,,,,,,,,,,,,,,,,,,,,,,,,,,,,,,,,,,,,,,,,,,,,,,,,,,,,,,,,,,,,,,,,,,,,,,,,,,,,,,,,,,,,,,,,,,,,,,,,,,,,,,,,,,,,,,,,,,,,,,,,,,,,,,,,,,,,,,,,,,,,,,,,,,,,,,,,,,,,,,,,,,,,,,,,,,,,,,,,,,,,,,,,,,,,,,,,,,,,,,,,,,,,,,,,56152,,,,,,,kgCO2e/TJ,,,,,,,,,,,,,,,,,,,,,,,,,,,,,,,,,,,,,,,,,,,,,,,,,,,,,,,,,,,,,,,,,,,,,,,,,,,,,,,,,,,,,,,,,,,,,,,,,,,,,,,,,,,,,,,,,,,,,,,,,,,,,,,,,,,,,,,,,,,,,,,,,,,,,,,,,,,,,,,,,,,,,,,,,,,,,,,,,,,,,,,,
Fossil Fuels - Natural Gas - PNG -  -  -  -  -Cooking - Domestic -  -  -  - ,,,,,,,,,,,,,,,,,,,,,,,,,,,,,2.7,,,,,,,kg CO2e/kg fuel,,,,,,,,,,,,,,,,,,,,,,,,,,,,,0.0024,,,,,,,kg CO2e/liter fuel,,,,0.119955229,,,,,0.119955229,,,,,0.119955229,,,,,0.116132545,,,,,0.124038138,,,,,0.119955229,,,,,,,kg CO2e/Rs,,,,,,,,,,,,,,,,,,,,,,,,,,,,,,,,,,,,,,,,,,,,,,,,,,,,,,,,,,,,,,,,,,,,,,,,,,,,,,,,,,,,,,,,,,,,,,,,,,,,,,,,,,,,,,,,,,,,,,,,,,,,,,,,,,,,,,,,,,,,,,,,,,,,,,,,,,,,,,,,,,,,,,,,,,,,,,,,,,,,,,,,,,,,,,,,,,,,,,,,,,,,,,,,,64568,,,,,,,kgCO2e/TJ,,,,,,,,,,,,,,,,,,,,,,,,,,,,,,,,,,,,,,,,,,,,,,,,,,,,,,,,,,,,,,,,,,,,,,,,,,,,,,,,,,,,,,,,,,,,,,,,,,,,,,,,,,,,,,,,,,,,,,,,,,,,,,,,,,,,,,,,,,,,,,,,,,,,,,,,,,,,,,,,,,,,,,,,,,,,,,,,,,,,,,,,
Fossil Fuels - Crude Oil -  -  -  -  -  - -  -  -  -  - ,,,,,,,,,,,,,,,,,,,,,,,,,,,,,3.11,,,,,,,kg CO2e/kg fuel,,,,,,,,,,,,,,,,,,,,,,,,,,,,,,,,,,,,kg CO2e/liter fuel,,,,,,,,,,,,,,,,,,,,,,,,,,,,,,,,,,,,,,,,,,,,,,,,,,,,,,,,,,,,,,,,,,,,,,,,,,,,,,,,,,,,,,,,,,,,,,,,,,,,,,,,,,,,,,,,,,,,,,,,,,,,,,,,,,,,,,,,,,,,,,,,,,,,,,,,,,,,,,,,,,,,,,,,,,,,,,,,,,,,,,,,,,,,,,,,,,,,,,,,,,,,,,,,,,,,,,,,,,,,,,,,,,,,,,,,,,,,,,,,,,,,,73549,,,,,,,kgCO2e/TJ,,,,,,,,,,,,,,,,,,,,,,,,,,,,,,,,,,,,,,,,,,,,,,,,,,,,,,,,,,,,,,,,,,,,,,,,,,,,,,,,,,,,,,,,,,,,,,,,,,,,,,,,,,,,,,,,,,,,,,,,,,,,,,,,,,,,,,,,,,,,,,,,,,,,,,,,,,,,,,,,,,,,,,,,,,,,,,,,,,,,,,,,
Fossil Fuels - Orimulsion -  -  -  -  -  - -  -  -  -  - ,,,,,,,,,,,,,,,,,,,,,,,,,,,,,2.12,,,,,,,kg CO2e/kg fuel,,,,,,,,,,,,,,,,,,,,,,,,,,,,,,,,,,,,kg CO2e/liter fuel,,,,,,,,,,,,,,,,,,,,,,,,,,,,,,,,,,,,,,,,,,,,,,,,,,,,,,,,,,,,,,,,,,,,,,,,,,,,,,,,,,,,,,,,,,,,,,,,,,,,,,,,,,,,,,,,,,,,,,,,,,,,,,,,,,,,,,,,,,,,,,,,,,,,,,,,,,,,,,,,,,,,,,,,,,,,,,,,,,,,,,,,,,,,,,,,,,,,,,,,,,,,,,,,,,,,,,,,,,,,,,,,,,,,,,,,,,,,,,,,,,,,,77249,,,,,,,kgCO2e/TJ,,,,,,,,,,,,,,,,,,,,,,,,,,,,,,,,,,,,,,,,,,,,,,,,,,,,,,,,,,,,,,,,,,,,,,,,,,,,,,,,,,,,,,,,,,,,,,,,,,,,,,,,,,,,,,,,,,,,,,,,,,,,,,,,,,,,,,,,,,,,,,,,,,,,,,,,,,,,,,,,,,,,,,,,,,,,,,,,,,,,,,,,
Fossil Fuels - Natural Gas Liquids -  -  -  -  -  - -  -  -  -  - ,,,,,,,,,,,,,,,,,,,,,,,,,,,,,2.85,,,,,,,kg CO2e/kg fuel,,,,,,,,,,,,,,,,,,,,,,,,,,,,,1.28189061,,,,,,,kg CO2e/liter fuel,,,,,,,,,,,,,,,,,,,,,,,,,,,,,,,,,,,,,,,,,,,,,,,,,,,,,,,,,,,,,,,,,,,,,,,,,,,,,,,,,,,,,,,,,,,,,,,,,,,,,,,,,,,,,,,,,,,,,,,,,,,,,,,,,,,,,,,,,,,,,,,,,,,,,,,,,,,,,,,,,,,,,,,,,,,,,,,,,,,,,,,,,,,,,,,,,,,,,,,,,,,,,,,,,,,,,,,,,,,,,,,,,,,,,,,,,,,,,,,,,,,,,64449,,,,,,,kgCO2e/TJ,,,,,,,,,,,,,,,,,,,,,,,,,,,,,,,,,,,,,,,,,,,,,,,,,,,,,,,,,,,,,,,,,,,,,,,,,,,,,,,,,,,,,,,,,,,,,,,,,,,,,,,,,,,,,,,,,,,,,,,,,,,,,,,,,,,,,,,,,,,,,,,,,,,,,,,,,,,,,,,,,,,,,,,,,,,,,,,,,,,,,,,,
Fossil Fuels - Motor Gasoline -  -  -  -  -  - -  -  -  -  - ,,,,,,,,,,,,,,,,,,,,,,,,,,,,,3.08,,,,,,,kg CO2e/kg fuel,,,,,,,,,,,,,,,,,,,,,,,,,,,,,2.303062973,,,,,,,kg CO2e/liter fuel,,,,,,,,,,,,,,,,,,,,,,,,,,,,,,,,,,,,,,,,,,,,,,,,,,,,,,,,,,,,,,,,,,,,,,,,,,,,,,,,,,,,,,,,,,,,,,,,,,,,,,,,,,,,,,,,,,,,,,,,,,,,,,,,,,,,,,,,,,,,,,,,,,,,,,,,,,,,,,,,,,,,,,,,,,,,,,,,,,,,,,,,,,,,,,,,,,,,,,,,,,,,,,,,,,,,,,,,,,,,,,,,,,,,,,,,,,,,,,,,,,,,,69549,,,,,,,kgCO2e/TJ,,,,,,,,,,,,,,,,,,,,,,,,,,,,,,,,,,,,,,,,,,,,,,,,,,,,,,,,,,,,,,,,,,,,,,,,,,,,,,,,,,,,,,,,,,,,,,,,,,,,,,,,,,,,,,,,,,,,,,,,,,,,,,,,,,,,,,,,,,,,,,,,,,,,,,,,,,,,,,,,,,,,,,,,,,,,,,,,,,,,,,,,
Fossil Fuels - Aviation Gasoline -  -  -  -  -  - -  -  -  -  - ,,,,,,,,,,,,,,,,,,,,,,,,,,,,,3.11,,,,,,,kg CO2e/kg fuel,,,,,,,,,,,,,,,,,,,,,,,,,,,,,,,,,,,,kg CO2e/liter fuel,,,,,,,,,,,,,,,,,,,,,,,,,,,,,,,,,,,,,,,,,,,,,,,,,,,,,,,,,,,,,,,,,,,,,,,,,,,,,,,,,,,,,,,,,,,,,,,,,,,,,,,,,,,,,,,,,,,,,,,,,,,,,,,,,,,,,,,,,,,,,,,,,,,,,,,,,,,,,,,,,,,,,,,,,,,,,,,,,,,,,,,,,,,,,,,,,,,,,,,,,,,,,,,,,,,,,,,,,,,,,,,,,,,,,,,,,,,,,,,,,,,,,70249,,,,,,,kgCO2e/TJ,,,,,,,,,,,,,,,,,,,,,,,,,,,,,,,,,,,,,,,,,,,,,,,,,,,,,,,,,,,,,,,,,,,,,,,,,,,,,,,,,,,,,,,,,,,,,,,,,,,,,,,,,,,,,,,,,,,,,,,,,,,,,,,,,,,,,,,,,,,,,,,,,,,,,,,,,,,,,,,,,,,,,,,,,,,,,,,,,,,,,,,,
Fossil Fuels - Jet Gasoline -  -  -  -  -  - -  -  -  -  - ,,,,,,,,,,,,,,,,,,,,,,,,,,,,,3.11,,,,,,,kg CO2e/kg fuel,,,,,,,,,,,,,,,,,,,,,,,,,,,,,,,,,,,,kg CO2e/liter fuel,,,,,,,,,,,,,,,,,,,,,,,,,,,,,,,,,,,,,,,,,,,,,,,,,,,,,,,,,,,,,,,,,,,,,,,,,,,,,,,,,,,,,,,,,,,,,,,,,,,,,,,,,,,,,,,,,,,,,,,,,,,,,,,,,,,,,,,,,,,,,,,,,,,,,,,,,,,,,,,,,,,,,,,,,,,,,,,,,,,,,,,,,,,,,,,,,,,,,,,,,,,,,,,,,,,,,,,,,,,,,,,,,,,,,,,,,,,,,,,,,,,,,70249,,,,,,,kgCO2e/TJ,,,,,,,,,,,,,,,,,,,,,,,,,,,,,,,,,,,,,,,,,,,,,,,,,,,,,,,,,,,,,,,,,,,,,,,,,,,,,,,,,,,,,,,,,,,,,,,,,,,,,,,,,,,,,,,,,,,,,,,,,,,,,,,,,,,,,,,,,,,,,,,,,,,,,,,,,,,,,,,,,,,,,,,,,,,,,,,,,,,,,,,,
Fossil Fuels - Jet Kerosene -  -  -  -  -  - -  -  -  -  - ,,,,,,,,,,,,,,,,,,,,,,,,,,,,,3.16,,,,,,,kg CO2e/kg fuel,,,,,,,,,,,,,,,,,,,,,,,,,,,,,2.594587338,,,,,,,kg CO2e/liter fuel,,,,,,,,,,,,,,,,,,,,,,,,,,,,,,,,,,,,,,,,,,,,,,,,,,,,,,,,,,,,,,,,,,,,,,,,,,,,,,,,,,,,,,,,,,,,,,,,,,,,,,,,,,,,,,,,,,,,,,,,,,,,,,,,,,,,,,,,,,,,,,,,,,,,,,,,,,,,,,,,,,,,,,,,,,,,,,,,,,,,,,,,,,,,,,,,,,,,,,,,,,,,,,,,,,,,,,,,,,,,,,,,,,,,,,,,,,,,,,,,,,,,,71749,,,,,,,kgCO2e/TJ,,,,,,,,,,,,,,,,,,,,,,,,,,,,,,,,,,,,,,,,,,,,,,,,,,,,,,,,,,,,,,,,,,,,,,,,,,,,,,,,,,,,,,,,,,,,,,,,,,,,,,,,,,,,,,,,,,,,,,,,,,,,,,,,,,,,,,,,,,,,,,,,,,,,,,,,,,,,,,,,,,,,,,,,,,,,,,,,,,,,,,,,
Fossil Fuels - Other Kerosene -  -  -  -  -  - -  -  -  -  - ,,,,,,,,,,,,,,,,,,,,,,,,,,,,,3.16,,,,,,,kg CO2e/kg fuel,,,,,,,,,,,,,,,,,,,,,,,,,,,,,2.456518553,,,,,,,kg CO2e/liter fuel,,,,,,,,,,,,,,,,,,,,,,,,,,,,,,,,,,,,,,,,,,,,,,,,,,,,,,,,,,,,,,,,,,,,,,,,,,,,,,,,,,,,,,,,,,,,,,,,,,,,,,,,,,,,,,,,,,,,,,,,,,,,,,,,,,,,,,,,,,,,,,,,,,,,,,,,,,,,,,,,,,,,,,,,,,,,,,,,,,,,,,,,,,,,,,,,,,,,,,,,,,,,,,,,,,,,,,,,,,,,,,,,,,,,,,,,,,,,,,,,,,,,,72149,,,,,,,kgCO2e/TJ,,,,,,,,,,,,,,,,,,,,,,,,,,,,,,,,,,,,,,,,,,,,,,,,,,,,,,,,,,,,,,,,,,,,,,,,,,,,,,,,,,,,,,,,,,,,,,,,,,,,,,,,,,,,,,,,,,,,,,,,,,,,,,,,,,,,,,,,,,,,,,,,,,,,,,,,,,,,,,,,,,,,,,,,,,,,,,,,,,,,,,,,
Fossil Fuels - Shale Oil -  -  -  -  -  - -  -  -  -  - ,,,,,,,,,,,,,,,,,,,,,,,,,,,,,2.8,,,,,,,kg CO2e/kg fuel,,,,,,,,,,,,,,,,,,,,,,,,,,,,,,,,,,,,kg CO2e/liter fuel,,,,,,,,,,,,,,,,,,,,,,,,,,,,,,,,,,,,,,,,,,,,,,,,,,,,,,,,,,,,,,,,,,,,,,,,,,,,,,,,,,,,,,,,,,,,,,,,,,,,,,,,,,,,,,,,,,,,,,,,,,,,,,,,,,,,,,,,,,,,,,,,,,,,,,,,,,,,,,,,,,,,,,,,,,,,,,,,,,,,,,,,,,,,,,,,,,,,,,,,,,,,,,,,,,,,,,,,,,,,,,,,,,,,,,,,,,,,,,,,,,,,,73549,,,,,,,kgCO2e/TJ,,,,,,,,,,,,,,,,,,,,,,,,,,,,,,,,,,,,,,,,,,,,,,,,,,,,,,,,,,,,,,,,,,,,,,,,,,,,,,,,,,,,,,,,,,,,,,,,,,,,,,,,,,,,,,,,,,,,,,,,,,,,,,,,,,,,,,,,,,,,,,,,,,,,,,,,,,,,,,,,,,,,,,,,,,,,,,,,,,,,,,,,
Fossil Fuels - Gas/Diesel Oil -  -  -  -  -  - -  -  -  -  - ,,,,,,,,,,,,,,,,,,,,,,,,,,,,,3.2,,,,,,,kg CO2e/kg fuel,,,,,,,,,,,,,,,,,,,,,,,,,,,,,2.661508328,,,,,,,kg CO2e/liter fuel,,,,,,,,,,,,,,,,,,,,,,,,,,,,,,,,,,,,,,,,,,,,,,,,,,,,,,,,,,,,,,,,,,,,,,,,,,,,,,,,,,,,,,,,,,,,,,,,,,,,,,,,,,,,,,,,,,,,,,,,,,,,,,,,,,,,,,,,,,,,,,,,,,,,,,,,,,,,,,,,,,,,,,,,,,,,,,,,,,,,,,,,,,,,,,,,,,,,,,,,,,,,,,,,,,,,,,,,,,,,,,,,,,,,,,,,,,,,,,,,,,,,,74349,,,,,,,kgCO2e/TJ,,,,,,,,,,,,,,,,,,,,,,,,,,,,,,,,,,,,,,,,,,,,,,,,,,,,,,,,,,,,,,,,,,,,,,,,,,,,,,,,,,,,,,,,,,,,,,,,,,,,,,,,,,,,,,,,,,,,,,,,,,,,,,,,,,,,,,,,,,,,,,,,,,,,,,,,,,,,,,,,,,,,,,,,,,,,,,,,,,,,,,,,
Fossil Fuels - Residual Fuel Oil -  -  -  -  -  - -  -  -  -  - ,,,,,,,,,,,,,,,,,,,,,,,,,,,,,3.14,,,,,,,kg CO2e/kg fuel,,,,,,,,,,,,,,,,,,,,,,,,,,,,,2.917428228,,,,,,,kg CO2e/liter fuel,,,,,,,,,,,,,,,,,,,,,,,,,,,,,,,,,,,,,,,,,,,,,,,,,,,,,,,,,,,,,,,,,,,,,,,,,,,,,,,,,,,,,,,,,,,,,,,,,,,,,,,,,,,,,,,,,,,,,,,,,,,,,,,,,,,,,,,,,,,,,,,,,,,,,,,,,,,,,,,,,,,,,,,,,,,,,,,,,,,,,,,,,,,,,,,,,,,,,,,,,,,,,,,,,,,,,,,,,,,,,,,,,,,,,,,,,,,,,,,,,,,,,77649,,,,,,,kgCO2e/TJ,,,,,,,,,,,,,,,,,,,,,,,,,,,,,,,,,,,,,,,,,,,,,,,,,,,,,,,,,,,,,,,,,,,,,,,,,,,,,,,,,,,,,,,,,,,,,,,,,,,,,,,,,,,,,,,,,,,,,,,,,,,,,,,,,,,,,,,,,,,,,,,,,,,,,,,,,,,,,,,,,,,,,,,,,,,,,,,,,,,,,,,,
Fossil Fuels - Liquefied Petroleum Gases -  -  -  -  -  - -  -  -  -  - ,,,,,,,,,,,,,,,,,,,,,,,,,,,,,2.99,,,,,,,kg CO2e/kg fuel,,,,,,,,,,,,,,,,,,,,,,,,,,,,,1.523415696,,,,,,,kg CO2e/liter fuel,,,,,,,,,,,,,,,,,,,,,,,,,,,,,,,,,,,,,,,,,,,,,,,,,,,,,,,,,,,,,,,,,,,,,,,,,,,,,,,,,,,,,,,,,,,,,,,,,,,,,,,,,,,,,,,,,,,,,,,,,,,,,,,,,,,,,,,,,,,,,,,,,,,,,,,,,,,,,,,,,,,,,,,,,,,,,,,,,,,,,,,,,,,,,,,,,,,,,,,,,,,,,,,,,,,,,,,,,,,,,,,,,,,,,,,,,,,,,,,,,,,,,63152,,,,,,,kgCO2e/TJ,,,,,,,,,,,,,,,,,,,,,,,,,,,,,,,,,,,,,,,,,,,,,,,,,,,,,,,,,,,,,,,,,,,,,,,,,,,,,,,,,,,,,,,,,,,,,,,,,,,,,,,,,,,,,,,,,,,,,,,,,,,,,,,,,,,,,,,,,,,,,,,,,,,,,,,,,,,,,,,,,,,,,,,,,,,,,,,,,,,,,,,,
Fossil Fuels - Ethane -  -  -  -  -  - -  -  -  -  - ,,,,,,,,,,,,,,,,,,,,,,,,,,,,,2.86,,,,,,,kg CO2e/kg fuel,,,,,,,,,,,,,,,,,,,,,,,,,,,,,,,,,,,,kg CO2e/liter fuel,,,,,,,,,,,,,,,,,,,,,,,,,,,,,,,,,,,,,,,,,,,,,,,,,,,,,,,,,,,,,,,,,,,,,,,,,,,,,,,,,,,,,,,,,,,,,,,,,,,,,,,,,,,,,,,,,,,,,,,,,,,,,,,,,,,,,,,,,,,,,,,,,,,,,,,,,,,,,,,,,,,,,,,,,,,,,,,,,,,,,,,,,,,,,,,,,,,,,,,,,,,,,,,,,,,,,,,,,,,,,,,,,,,,,,,,,,,,,,,,,,,,,61652,,,,,,,kgCO2e/TJ,,,,,,,,,,,,,,,,,,,,,,,,,,,,,,,,,,,,,,,,,,,,,,,,,,,,,,,,,,,,,,,,,,,,,,,,,,,,,,,,,,,,,,,,,,,,,,,,,,,,,,,,,,,,,,,,,,,,,,,,,,,,,,,,,,,,,,,,,,,,,,,,,,,,,,,,,,,,,,,,,,,,,,,,,,,,,,,,,,,,,,,,
Fossil Fuels - Naphtha -  -  -  -  -  - -  -  -  -  - ,,,,,,,,,,,,,,,,,,,,,,,,,,,,,3.27,,,,,,,kg CO2e/kg fuel,,,,,,,,,,,,,,,,,,,,,,,,,,,,,2.48742718,,,,,,,kg CO2e/liter fuel,,,,,,,,,,,,,,,,,,,,,,,,,,,,,,,,,,,,,,,,,,,,,,,,,,,,,,,,,,,,,,,,,,,,,,,,,,,,,,,,,,,,,,,,,,,,,,,,,,,,,,,,,,,,,,,,,,,,,,,,,,,,,,,,,,,,,,,,,,,,,,,,,,,,,,,,,,,,,,,,,,,,,,,,,,,,,,,,,,,,,,,,,,,,,,,,,,,,,,,,,,,,,,,,,,,,,,,,,,,,,,,,,,,,,,,,,,,,,,,,,,,,,73549,,,,,,,kgCO2e/TJ,,,,,,,,,,,,,,,,,,,,,,,,,,,,,,,,,,,,,,,,,,,,,,,,,,,,,,,,,,,,,,,,,,,,,,,,,,,,,,,,,,,,,,,,,,,,,,,,,,,,,,,,,,,,,,,,,,,,,,,,,,,,,,,,,,,,,,,,,,,,,,,,,,,,,,,,,,,,,,,,,,,,,,,,,,,,,,,,,,,,,,,,
Fossil Fuels - Bitumen -  -  -  -  -  - -  -  -  -  - ,,,,,,,,,,,,,,,,,,,,,,,,,,,,,3.25,,,,,,,kg CO2e/kg fuel,,,,,,,,,,,,,,,,,,,,,,,,,,,,,,,,,,,,kg CO2e/liter fuel,,,,,,,,,,,,,,,,,,,,,,,,,,,,,,,,,,,,,,,,,,,,,,,,,,,,,,,,,,,,,,,,,,,,,,,,,,,,,,,,,,,,,,,,,,,,,,,,,,,,,,,,,,,,,,,,,,,,,,,,,,,,,,,,,,,,,,,,,,,,,,,,,,,,,,,,,,,,,,,,,,,,,,,,,,,,,,,,,,,,,,,,,,,,,,,,,,,,,,,,,,,,,,,,,,,,,,,,,,,,,,,,,,,,,,,,,,,,,,,,,,,,,80949,,,,,,,kgCO2e/TJ,,,,,,,,,,,,,,,,,,,,,,,,,,,,,,,,,,,,,,,,,,,,,,,,,,,,,,,,,,,,,,,,,,,,,,,,,,,,,,,,,,,,,,,,,,,,,,,,,,,,,,,,,,,,,,,,,,,,,,,,,,,,,,,,,,,,,,,,,,,,,,,,,,,,,,,,,,,,,,,,,,,,,,,,,,,,,,,,,,,,,,,,
Fossil Fuels - Lubricants -  -  -  -  -  - -  -  -  -  - ,,,,,,,,,,,,,,,,,,,,,,,,,,,,,2.96,,,,,,,kg CO2e/kg fuel,,,,,,,,,,,,,,,,,,,,,,,,,,,,,,,,,,,,kg CO2e/liter fuel,,,,,,,,,,,,,,,,,,,,,,,,,,,,,,,,,,,,,,,,,,,,,,,,,,,,,,,,,,,,,,,,,,,,,,,,,,,,,,,,,,,,,,,,,,,,,,,,,,,,,,,,,,,,,,,,,,,,,,,,,,,,,,,,,,,,,,,,,,,,,,,,,,,,,,,,,,,,,,,,,,,,,,,,,,,,,,,,,,,,,,,,,,,,,,,,,,,,,,,,,,,,,,,,,,,,,,,,,,,,,,,,,,,,,,,,,,,,,,,,,,,,,73549,,,,,,,kgCO2e/TJ,,,,,,,,,,,,,,,,,,,,,,,,,,,,,,,,,,,,,,,,,,,,,,,,,,,,,,,,,,,,,,,,,,,,,,,,,,,,,,,,,,,,,,,,,,,,,,,,,,,,,,,,,,,,,,,,,,,,,,,,,,,,,,,,,,,,,,,,,,,,,,,,,,,,,,,,,,,,,,,,,,,,,,,,,,,,,,,,,,,,,,,,
Fossil Fuels - Petroleum Coke -  -  -  -  -  - -  -  -  -  - ,,,,,,,,,,,,,,,,,,,,,,,,,,,,,3.18,,,,,,,kg CO2e/kg fuel,,,,,,,,,,,,,,,,,,,,,,,,,,,,,,,,,,,,kg CO2e/liter fuel,,,,,,,,,,,,,,,,,,,,,,,,,,,,,,,,,,,,,,,,,,,,,,,,,,,,,,,,,,,,,,,,,,,,,,,,,,,,,,,,,,,,,,,,,,,,,,,,,,,,,,,,,,,,,,,,,,,,,,,,,,,,,,,,,,,,,,,,,,,,,,,,,,,,,,,,,,,,,,,,,,,,,,,,,,,,,,,,,,,,,,,,,,,,,,,,,,,,,,,,,,,,,,,,,,,,,,,,,,,,,,,,,,,,,,,,,,,,,,,,,,,,,97749,,,,,,,kgCO2e/TJ,,,,,,,,,,,,,,,,,,,,,,,,,,,,,,,,,,,,,,,,,,,,,,,,,,,,,,,,,,,,,,,,,,,,,,,,,,,,,,,,,,,,,,,,,,,,,,,,,,,,,,,,,,,,,,,,,,,,,,,,,,,,,,,,,,,,,,,,,,,,,,,,,,,,,,,,,,,,,,,,,,,,,,,,,,,,,,,,,,,,,,,,
Fossil Fuels - Refinery Feedstocks -  -  -  -  -  - -  -  -  -  - ,,,,,,,,,,,,,,,,,,,,,,,,,,,,,3.16,,,,,,,kg CO2e/kg fuel,,,,,,,,,,,,,,,,,,,,,,,,,,,,,,,,,,,,kg CO2e/liter fuel,,,,,,,,,,,,,,,,,,,,,,,,,,,,,,,,,,,,,,,,,,,,,,,,,,,,,,,,,,,,,,,,,,,,,,,,,,,,,,,,,,,,,,,,,,,,,,,,,,,,,,,,,,,,,,,,,,,,,,,,,,,,,,,,,,,,,,,,,,,,,,,,,,,,,,,,,,,,,,,,,,,,,,,,,,,,,,,,,,,,,,,,,,,,,,,,,,,,,,,,,,,,,,,,,,,,,,,,,,,,,,,,,,,,,,,,,,,,,,,,,,,,,73549,,,,,,,kgCO2e/TJ,,,,,,,,,,,,,,,,,,,,,,,,,,,,,,,,,,,,,,,,,,,,,,,,,,,,,,,,,,,,,,,,,,,,,,,,,,,,,,,,,,,,,,,,,,,,,,,,,,,,,,,,,,,,,,,,,,,,,,,,,,,,,,,,,,,,,,,,,,,,,,,,,,,,,,,,,,,,,,,,,,,,,,,,,,,,,,,,,,,,,,,,
Fossil Fuels - Refinery Gas -  -  -  -  -  - -  -  -  -  - ,,,,,,,,,,,,,,,,,,,,,,,,,,,,,2.85,,,,,,,kg CO2e/kg fuel,,,,,,,,,,,,,,,,,,,,,,,,,,,,,,,,,,,,kg CO2e/liter fuel,,,,,,,,,,,,,,,,,,,,,,,,,,,,,,,,,,,,,,,,,,,,,,,,,,,,,,,,,,,,,,,,,,,,,,,,,,,,,,,,,,,,,,,,,,,,,,,,,,,,,,,,,,,,,,,,,,,,,,,,,,,,,,,,,,,,,,,,,,,,,,,,,,,,,,,,,,,,,,,,,,,,,,,,,,,,,,,,,,,,,,,,,,,,,,,,,,,,,,,,,,,,,,,,,,,,,,,,,,,,,,,,,,,,,,,,,,,,,,,,,,,,,57652,,,,,,,kgCO2e/TJ,,,,,,,,,,,,,,,,,,,,,,,,,,,,,,,,,,,,,,,,,,,,,,,,,,,,,,,,,,,,,,,,,,,,,,,,,,,,,,,,,,,,,,,,,,,,,,,,,,,,,,,,,,,,,,,,,,,,,,,,,,,,,,,,,,,,,,,,,,,,,,,,,,,,,,,,,,,,,,,,,,,,,,,,,,,,,,,,,,,,,,,,
Fossil Fuels - Paraffin Waxes -  -  -  -  -  - -  -  -  -  - ,,,,,,,,,,,,,,,,,,,,,,,,,,,,,2.96,,,,,,,kg CO2e/kg fuel,,,,,,,,,,,,,,,,,,,,,,,,,,,,,,,,,,,,kg CO2e/liter fuel,,,,,,,,,,,,,,,,,,,,,,,,,,,,,,,,,,,,,,,,,,,,,,,,,,,,,,,,,,,,,,,,,,,,,,,,,,,,,,,,,,,,,,,,,,,,,,,,,,,,,,,,,,,,,,,,,,,,,,,,,,,,,,,,,,,,,,,,,,,,,,,,,,,,,,,,,,,,,,,,,,,,,,,,,,,,,,,,,,,,,,,,,,,,,,,,,,,,,,,,,,,,,,,,,,,,,,,,,,,,,,,,,,,,,,,,,,,,,,,,,,,,,73549,,,,,,,kgCO2e/TJ,,,,,,,,,,,,,,,,,,,,,,,,,,,,,,,,,,,,,,,,,,,,,,,,,,,,,,,,,,,,,,,,,,,,,,,,,,,,,,,,,,,,,,,,,,,,,,,,,,,,,,,,,,,,,,,,,,,,,,,,,,,,,,,,,,,,,,,,,,,,,,,,,,,,,,,,,,,,,,,,,,,,,,,,,,,,,,,,,,,,,,,,
Fossil Fuels - White Spirit and SBP -  -  -  -  -  - -  -  -  -  - ,,,,,,,,,,,,,,,,,,,,,,,,,,,,,2.96,,,,,,,kg CO2e/kg fuel,,,,,,,,,,,,,,,,,,,,,,,,,,,,,,,,,,,,kg CO2e/liter fuel,,,,,,,,,,,,,,,,,,,,,,,,,,,,,,,,,,,,,,,,,,,,,,,,,,,,,,,,,,,,,,,,,,,,,,,,,,,,,,,,,,,,,,,,,,,,,,,,,,,,,,,,,,,,,,,,,,,,,,,,,,,,,,,,,,,,,,,,,,,,,,,,,,,,,,,,,,,,,,,,,,,,,,,,,,,,,,,,,,,,,,,,,,,,,,,,,,,,,,,,,,,,,,,,,,,,,,,,,,,,,,,,,,,,,,,,,,,,,,,,,,,,,73549,,,,,,,kgCO2e/TJ,,,,,,,,,,,,,,,,,,,,,,,,,,,,,,,,,,,,,,,,,,,,,,,,,,,,,,,,,,,,,,,,,,,,,,,,,,,,,,,,,,,,,,,,,,,,,,,,,,,,,,,,,,,,,,,,,,,,,,,,,,,,,,,,,,,,,,,,,,,,,,,,,,,,,,,,,,,,,,,,,,,,,,,,,,,,,,,,,,,,,,,,
Fossil Fuels - Other Petroleum Products -  -  -  -  -  - -  -  -  -  - ,,,,,,,,,,,,,,,,,,,,,,,,,,,,,2.96,,,,,,,kg CO2e/kg fuel,,,,,,,,,,,,,,,,,,,,,,,,,,,,,,,,,,,,kg CO2e/liter fuel,,,,,,,,,,,,,,,,,,,,,,,,,,,,,,,,,,,,,,,,,,,,,,,,,,,,,,,,,,,,,,,,,,,,,,,,,,,,,,,,,,,,,,,,,,,,,,,,,,,,,,,,,,,,,,,,,,,,,,,,,,,,,,,,,,,,,,,,,,,,,,,,,,,,,,,,,,,,,,,,,,,,,,,,,,,,,,,,,,,,,,,,,,,,,,,,,,,,,,,,,,,,,,,,,,,,,,,,,,,,,,,,,,,,,,,,,,,,,,,,,,,,,73549,,,,,,,kgCO2e/TJ,,,,,,,,,,,,,,,,,,,,,,,,,,,,,,,,,,,,,,,,,,,,,,,,,,,,,,,,,,,,,,,,,,,,,,,,,,,,,,,,,,,,,,,,,,,,,,,,,,,,,,,,,,,,,,,,,,,,,,,,,,,,,,,,,,,,,,,,,,,,,,,,,,,,,,,,,,,,,,,,,,,,,,,,,,,,,,,,,,,,,,,,
Fossil Fuels - Anthracite -  -  -  -  -  - -  -  -  -  - ,,,,,,,,,,,,,,,,,,,,,,,,,,,,,2.64,,,,,,,kg CO2e/kg fuel,,,,,,,,,,,,,,,,,,,,,,,,,,,,,,,,,,,,kg CO2e/liter fuel,,,,,,,,,,,,,,,,,,,,,,,,,,,,,,,,,,,,,,,,,,,,,,,,,,,,,,,,,,,,,,,,,,,,,,,,,,,,,,,,,,,,,,,,,,,,,,,,,,,,,,,,,,,,,,,,,,,,,,,,,,,,,,,,,,,,,,,,,,,,,,,,,,,,,,,,,,,,,,,,,,,,,,,,,,,,,,,,,,,,,,,,,,,,,,,,,,,,,,,,,,,,,,,,,,,,,,,,,,,,,,,,,,,,,,,,,,,,,,,,,,,,,98786,,,,,,,kgCO2e/TJ,,,,,,,,,,,,,,,,,,,,,,,,,,,,,,,,,,,,,,,,,,,,,,,,,,,,,,,,,,,,,,,,,,,,,,,,,,,,,,,,,,,,,,,,,,,,,,,,,,,,,,,,,,,,,,,,,,,,,,,,,,,,,,,,,,,,,,,,,,,,,,,,,,,,,,,,,,,,,,,,,,,,,,,,,,,,,,,,,,,,,,,,
Fossil Fuels - Coking Coal -  -  -  -  -  - -  -  -  -  - ,,,,,,,,,,,,,,,,,,,,,,,,,,,,,2.28,,,,,,,kg CO2e/kg fuel,,,,,,,,,,,,,,,,,,,,,,,,,,,,,,,,,,,,kg CO2e/liter fuel,,,,,,,,,,,,,,,,,,,,,,,,,,,,,,,,,,,,,,,,,,,,,,,,,,,,,,,,,,,,,,,,,,,,,,,,,,,,,,,,,,,,,,,,,,,,,,,,,,,,,,,,,,,,,,,,,,,,,,,,,,,,,,,,,,,,,,,,,,,,,,,,,,,,,,,,,,,,,,,,,,,,,,,,,,,,,,,,,,,,,,,,,,,,,,,,,,,,,,,,,,,,,,,,,,,,,,,,,,,,,,,,,,,,,,,,,,,,,,,,,,,,,94096,,,,,,,kgCO2e/TJ,,,,,,,,,,,,,,,,,,,,,,,,,,,,,,,,,,,,,,,,,,,,,,,,,,,,,,,,,,,,,,,,,,,,,,,,,,,,,,,,,,,,,,,,,,,,,,,,,,,,,,,,,,,,,,,,,,,,,,,,,,,,,,,,,,,,,,,,,,,,,,,,,,,,,,,,,,,,,,,,,,,,,,,,,,,,,,,,,,,,,,,,
Fossil Fuels - Other Bituminous Coal -  -  -  -  -  - -  -  -  -  - ,,,,,,,,,,,,,,,,,,,,,,,,,,,,,2.45,,,,,,,kg CO2e/kg fuel,,,,,,,,,,,,,,,,,,,,,,,,,,,,,,,,,,,,kg CO2e/liter fuel,,,,,,,,,,,,,,,,,,,,,,,,,,,,,,,,,,,,,,,,,,,,,,,,,,,,,,,,,,,,,,,,,,,,,,,,,,,,,,,,,,,,,,,,,,,,,,,,,,,,,,,,,,,,,,,,,,,,,,,,,,,,,,,,,,,,,,,,,,,,,,,,,,,,,,,,,,,,,,,,,,,,,,,,,,,,,,,,,,,,,,,,,,,,,,,,,,,,,,,,,,,,,,,,,,,,,,,,,,,,,,,,,,,,,,,,,,,,,,,,,,,,,95086,,,,,,,kgCO2e/TJ,,,,,,,,,,,,,,,,,,,,,,,,,,,,,,,,,,,,,,,,,,,,,,,,,,,,,,,,,,,,,,,,,,,,,,,,,,,,,,,,,,,,,,,,,,,,,,,,,,,,,,,,,,,,,,,,,,,,,,,,,,,,,,,,,,,,,,,,,,,,,,,,,,,,,,,,,,,,,,,,,,,,,,,,,,,,,,,,,,,,,,,,
Fossil Fuels - Sub-Bituminous Coal -  -  -  -  -  - -  -  -  -  - ,,,,,,,,,,,,,,,,,,,,,,,,,,,,,1.89,,,,,,,kg CO2e/kg fuel,,,,,,,,,,,,,,,,,,,,,,,,,,,,,,,,,,,,kg CO2e/liter fuel,,,,,,,,,,,,,,,,,,,,,,,,,,,,,,,,,,,,,,,,,,,,,,,,,,,,,,,,,,,,,,,,,,,,,,,,,,,,,,,,,,,,,,,,,,,,,,,,,,,,,,,,,,,,,,,,,,,,,,,,,,,,,,,,,,,,,,,,,,,,,,,,,,,,,,,,,,,,,,,,,,,,,,,,,,,,,,,,,,,,,,,,,,,,,,,,,,,,,,,,,,,,,,,,,,,,,,,,,,,,,,,,,,,,,,,,,,,,,,,,,,,,,96516,,,,,,,kgCO2e/TJ,,,,,,,,,,,,,,,,,,,,,,,,,,,,,,,,,,,,,,,,,,,,,,,,,,,,,,,,,,,,,,,,,,,,,,,,,,,,,,,,,,,,,,,,,,,,,,,,,,,,,,,,,,,,,,,,,,,,,,,,,,,,,,,,,,,,,,,,,,,,,,,,,,,,,,,,,,,,,,,,,,,,,,,,,,,,,,,,,,,,,,,,
Fossil Fuels - Lignite -  -  -  -  -  - -  -  -  -  - ,,,,,,,,,,,,,,,,,,,,,,,,,,,,,1.03,,,,,,,kg CO2e/kg fuel,,,,,,,,,,,,,,,,,,,,,,,,,,,,,,,,,,,,kg CO2e/liter fuel,,,,,,,,,,,,,,,,,,,,,,,,,,,,,,,,,,,,,,,,,,,,,,,,,,,,,,,,,,,,,,,,,,,,,,,,,,,,,,,,,,,,,,,,,,,,,,,,,,,,,,,,,,,,,,,,,,,,,,,,,,,,,,,,,,,,,,,,,,,,,,,,,,,,,,,,,,,,,,,,,,,,,,,,,,,,,,,,,,,,,,,,,,,,,,,,,,,,,,,,,,,,,,,,,,,,,,,,,,,,,,,,,,,,,,,,,,,,,,,,,,,,,106636,,,,,,,kgCO2e/TJ,,,,,,,,,,,,,,,,,,,,,,,,,,,,,,,,,,,,,,,,,,,,,,,,,,,,,,,,,,,,,,,,,,,,,,,,,,,,,,,,,,,,,,,,,,,,,,,,,,,,,,,,,,,,,,,,,,,,,,,,,,,,,,,,,,,,,,,,,,,,,,,,,,,,,,,,,,,,,,,,,,,,,,,,,,,,,,,,,,,,,,,,
Fossil Fuels - Oil Shale and Tar Sands -  -  -  -  -  - -  -  -  -  - ,,,,,,,,,,,,,,,,,,,,,,,,,,,,,0.96,,,,,,,kg CO2e/kg fuel,,,,,,,,,,,,,,,,,,,,,,,,,,,,,,,,,,,,kg CO2e/liter fuel,,,,,,,,,,,,,,,,,,,,,,,,,,,,,,,,,,,,,,,,,,,,,,,,,,,,,,,,,,,,,,,,,,,,,,,,,,,,,,,,,,,,,,,,,,,,,,,,,,,,,,,,,,,,,,,,,,,,,,,,,,,,,,,,,,,,,,,,,,,,,,,,,,,,,,,,,,,,,,,,,,,,,,,,,,,,,,,,,,,,,,,,,,,,,,,,,,,,,,,,,,,,,,,,,,,,,,,,,,,,,,,,,,,,,,,,,,,,,,,,,,,,,107486,,,,,,,kgCO2e/TJ,,,,,,,,,,,,,,,,,,,,,,,,,,,,,,,,,,,,,,,,,,,,,,,,,,,,,,,,,,,,,,,,,,,,,,,,,,,,,,,,,,,,,,,,,,,,,,,,,,,,,,,,,,,,,,,,,,,,,,,,,,,,,,,,,,,,,,,,,,,,,,,,,,,,,,,,,,,,,,,,,,,,,,,,,,,,,,,,,,,,,,,,
Fossil Fuels - Brown Coal Briquettes -  -  -  -  -  - -  -  -  -  - ,,,,,,,,,,,,,,,,,,,,,,,,,,,,,2.03,,,,,,,kg CO2e/kg fuel,,,,,,,,,,,,,,,,,,,,,,,,,,,,,,,,,,,,kg CO2e/liter fuel,,,,,,,,,,,,,,,,,,,,,,,,,,,,,,,,,,,,,,,,,,,,,,,,,,,,,,,,,,,,,,,,,,,,,,,,,,,,,,,,,,,,,,,,,,,,,,,,,,,,,,,,,,,,,,,,,,,,,,,,,,,,,,,,,,,,,,,,,,,,,,,,,,,,,,,,,,,,,,,,,,,,,,,,,,,,,,,,,,,,,,,,,,,,,,,,,,,,,,,,,,,,,,,,,,,,,,,,,,,,,,,,,,,,,,,,,,,,,,,,,,,,,97986,,,,,,,kgCO2e/TJ,,,,,,,,,,,,,,,,,,,,,,,,,,,,,,,,,,,,,,,,,,,,,,,,,,,,,,,,,,,,,,,,,,,,,,,,,,,,,,,,,,,,,,,,,,,,,,,,,,,,,,,,,,,,,,,,,,,,,,,,,,,,,,,,,,,,,,,,,,,,,,,,,,,,,,,,,,,,,,,,,,,,,,,,,,,,,,,,,,,,,,,,
Fossil Fuels - Patent Fuel -  -  -  -  -  - -  -  -  -  - ,,,,,,,,,,,,,,,,,,,,,,,,,,,,,2.03,,,,,,,kg CO2e/kg fuel,,,,,,,,,,,,,,,,,,,,,,,,,,,,,,,,,,,,kg CO2e/liter fuel,,,,,,,,,,,,,,,,,,,,,,,,,,,,,,,,,,,,,,,,,,,,,,,,,,,,,,,,,,,,,,,,,,,,,,,,,,,,,,,,,,,,,,,,,,,,,,,,,,,,,,,,,,,,,,,,,,,,,,,,,,,,,,,,,,,,,,,,,,,,,,,,,,,,,,,,,,,,,,,,,,,,,,,,,,,,,,,,,,,,,,,,,,,,,,,,,,,,,,,,,,,,,,,,,,,,,,,,,,,,,,,,,,,,,,,,,,,,,,,,,,,,,97986,,,,,,,kgCO2e/TJ,,,,,,,,,,,,,,,,,,,,,,,,,,,,,,,,,,,,,,,,,,,,,,,,,,,,,,,,,,,,,,,,,,,,,,,,,,,,,,,,,,,,,,,,,,,,,,,,,,,,,,,,,,,,,,,,,,,,,,,,,,,,,,,,,,,,,,,,,,,,,,,,,,,,,,,,,,,,,,,,,,,,,,,,,,,,,,,,,,,,,,,,
Fossil Fuels - Coke Oven Coke and Lignite Coke -  -  -  -  -  - -  -  -  -  - ,,,,,,,,,,,,,,,,,,,,,,,,,,,,,3.11,,,,,,,kg CO2e/kg fuel,,,,,,,,,,,,,,,,,,,,,,,,,,,,,,,,,,,,kg CO2e/liter fuel,,,,,,,,,,,,,,,,,,,,,,,,,,,,,,,,,,,,,,,,,,,,,,,,,,,,,,,,,,,,,,,,,,,,,,,,,,,,,,,,,,,,,,,,,,,,,,,,,,,,,,,,,,,,,,,,,,,,,,,,,,,,,,,,,,,,,,,,,,,,,,,,,,,,,,,,,,,,,,,,,,,,,,,,,,,,,,,,,,,,,,,,,,,,,,,,,,,,,,,,,,,,,,,,,,,,,,,,,,,,,,,,,,,,,,,,,,,,,,,,,,,,,110415.08,,,,,,,kgCO2e/TJ,,,,,,,,,,,,,,,,,,,,,,,,,,,,,,,,,,,,,,,,,,,,,,,,,,,,,,,,,,,,,,,,,,,,,,,,,,,,,,,,,,,,,,,,,,,,,,,,,,,,,,,,,,,,,,,,,,,,,,,,,,,,,,,,,,,,,,,,,,,,,,,,,,,,,,,,,,,,,,,,,,,,,,,,,,,,,,,,,,,,,,,,
Fossil Fuels - Gas Coke -  -  -  -  -  - -  -  -  -  - ,,,,,,,,,,,,,,,,,,,,,,,,,,,,,3.02,,,,,,,kg CO2e/kg fuel,,,,,,,,,,,,,,,,,,,,,,,,,,,,,,,,,,,,kg CO2e/liter fuel,,,,,,,,,,,,,,,,,,,,,,,,,,,,,,,,,,,,,,,,,,,,,,,,,,,,,,,,,,,,,,,,,,,,,,,,,,,,,,,,,,,,,,,,,,,,,,,,,,,,,,,,,,,,,,,,,,,,,,,,,,,,,,,,,,,,,,,,,,,,,,,,,,,,,,,,,,,,,,,,,,,,,,,,,,,,,,,,,,,,,,,,,,,,,,,,,,,,,,,,,,,,,,,,,,,,,,,,,,,,,,,,,,,,,,,,,,,,,,,,,,,,,107052,,,,,,,kgCO2e/TJ,,,,,,,,,,,,,,,,,,,,,,,,,,,,,,,,,,,,,,,,,,,,,,,,,,,,,,,,,,,,,,,,,,,,,,,,,,,,,,,,,,,,,,,,,,,,,,,,,,,,,,,,,,,,,,,,,,,,,,,,,,,,,,,,,,,,,,,,,,,,,,,,,,,,,,,,,,,,,,,,,,,,,,,,,,,,,,,,,,,,,,,,
Fossil Fuels - Coal Tar -  -  -  -  -  - -  -  -  -  - ,,,,,,,,,,,,,,,,,,,,,,,,,,,,,2.27,,,,,,,kg CO2e/kg fuel,,,,,,,,,,,,,,,,,,,,,,,,,,,,,,,,,,,,kg CO2e/liter fuel,,,,,,,,,,,,,,,,,,,,,,,,,,,,,,,,,,,,,,,,,,,,,,,,,,,,,,,,,,,,,,,,,,,,,,,,,,,,,,,,,,,,,,,,,,,,,,,,,,,,,,,,,,,,,,,,,,,,,,,,,,,,,,,,,,,,,,,,,,,,,,,,,,,,,,,,,,,,,,,,,,,,,,,,,,,,,,,,,,,,,,,,,,,,,,,,,,,,,,,,,,,,,,,,,,,,,,,,,,,,,,,,,,,,,,,,,,,,,,,,,,,,,81186,,,,,,,kgCO2e/TJ,,,,,,,,,,,,,,,,,,,,,,,,,,,,,,,,,,,,,,,,,,,,,,,,,,,,,,,,,,,,,,,,,,,,,,,,,,,,,,,,,,,,,,,,,,,,,,,,,,,,,,,,,,,,,,,,,,,,,,,,,,,,,,,,,,,,,,,,,,,,,,,,,,,,,,,,,,,,,,,,,,,,,,,,,,,,,,,,,,,,,,,,
Fossil Fuels - Gas Works Gas -  -  -  -  -  - -  -  -  -  - ,,,,,,,,,,,,,,,,,,,,,,,,,,,,,1.72,,,,,,,kg CO2e/kg fuel,,,,,,,,,,,,,,,,,,,,,,,,,,,,,,,,,,,,kg CO2e/liter fuel,,,,,,,,,,,,,,,,,,,,,,,,,,,,,,,,,,,,,,,,,,,,,,,,,,,,,,,,,,,,,,,,,,,,,,,,,,,,,,,,,,,,,,,,,,,,,,,,,,,,,,,,,,,,,,,,,,,,,,,,,,,,,,,,,,,,,,,,,,,,,,,,,,,,,,,,,,,,,,,,,,,,,,,,,,,,,,,,,,,,,,,,,,,,,,,,,,,,,,,,,,,,,,,,,,,,,,,,,,,,,,,,,,,,,,,,,,,,,,,,,,,,,44452,,,,,,,kgCO2e/TJ,,,,,,,,,,,,,,,,,,,,,,,,,,,,,,,,,,,,,,,,,,,,,,,,,,,,,,,,,,,,,,,,,,,,,,,,,,,,,,,,,,,,,,,,,,,,,,,,,,,,,,,,,,,,,,,,,,,,,,,,,,,,,,,,,,,,,,,,,,,,,,,,,,,,,,,,,,,,,,,,,,,,,,,,,,,,,,,,,,,,,,,,
Fossil Fuels - Coke Oven Gas -  -  -  -  -  - -  -  -  -  - ,,,,,,,,,,,,,,,,,,,,,,,,,,,,,1.72,,,,,,,kg CO2e/kg fuel,,,,,,,,,,,,,,,,,,,,,,,,,,,,,,,,,,,,kg CO2e/liter fuel,,,,,,,,,,,,,,,,,,,,,,,,,,,,,,,,,,,,,,,,,,,,,,,,,,,,,,,,,,,,,,,,,,,,,,,,,,,,,,,,,,,,,,,,,,,,,,,,,,,,,,,,,,,,,,,,,,,,,,,,,,,,,,,,,,,,,,,,,,,,,,,,,,,,,,,,,,,,,,,,,,,,,,,,,,,,,,,,,,,,,,,,,,,,,,,,,,,,,,,,,,,,,,,,,,,,,,,,,,,,,,,,,,,,,,,,,,,,,,,,,,,,,44452,,,,,,,kgCO2e/TJ,,,,,,,,,,,,,,,,,,,,,,,,,,,,,,,,,,,,,,,,,,,,,,,,,,,,,,,,,,,,,,,,,,,,,,,,,,,,,,,,,,,,,,,,,,,,,,,,,,,,,,,,,,,,,,,,,,,,,,,,,,,,,,,,,,,,,,,,,,,,,,,,,,,,,,,,,,,,,,,,,,,,,,,,,,,,,,,,,,,,,,,,
Fossil Fuels - Blast Furnace Gas -  -  -  -  -  - -  -  -  -  - ,,,,,,,,,,,,,,,,,,,,,,,,,,,,,0.06,,,,,,,kg CO2e/kg fuel,,,,,,,,,,,,,,,,,,,,,,,,,,,,,,,,,,,,kg CO2e/liter fuel,,,,,,,,,,,,,,,,,,,,,,,,,,,,,,,,,,,,,,,,,,,,,,,,,,,,,,,,,,,,,,,,,,,,,,,,,,,,,,,,,,,,,,,,,,,,,,,,,,,,,,,,,,,,,,,,,,,,,,,,,,,,,,,,,,,,,,,,,,,,,,,,,,,,,,,,,,,,,,,,,,,,,,,,,,,,,,,,,,,,,,,,,,,,,,,,,,,,,,,,,,,,,,,,,,,,,,,,,,,,,,,,,,,,,,,,,,,,,,,,,,,,,26052,,,,,,,kgCO2e/TJ,,,,,,,,,,,,,,,,,,,,,,,,,,,,,,,,,,,,,,,,,,,,,,,,,,,,,,,,,,,,,,,,,,,,,,,,,,,,,,,,,,,,,,,,,,,,,,,,,,,,,,,,,,,,,,,,,,,,,,,,,,,,,,,,,,,,,,,,,,,,,,,,,,,,,,,,,,,,,,,,,,,,,,,,,,,,,,,,,,,,,,,,
Fossil Fuels - Oxygen Steel Furnace Gas -  -  -  -  -  - -  -  -  -  - ,,,,,,,,,,,,,,,,,,,,,,,,,,,,,1.29,,,,,,,kg CO2e/kg fuel,,,,,,,,,,,,,,,,,,,,,,,,,,,,,,,,,,,,kg CO2e/liter fuel,,,,,,,,,,,,,,,,,,,,,,,,,,,,,,,,,,,,,,,,,,,,,,,,,,,,,,,,,,,,,,,,,,,,,,,,,,,,,,,,,,,,,,,,,,,,,,,,,,,,,,,,,,,,,,,,,,,,,,,,,,,,,,,,,,,,,,,,,,,,,,,,,,,,,,,,,,,,,,,,,,,,,,,,,,,,,,,,,,,,,,,,,,,,,,,,,,,,,,,,,,,,,,,,,,,,,,,,,,,,,,,,,,,,,,,,,,,,,,,,,,,,,182052,,,,,,,kgCO2e/TJ,,,,,,,,,,,,,,,,,,,,,,,,,,,,,,,,,,,,,,,,,,,,,,,,,,,,,,,,,,,,,,,,,,,,,,,,,,,,,,,,,,,,,,,,,,,,,,,,,,,,,,,,,,,,,,,,,,,,,,,,,,,,,,,,,,,,,,,,,,,,,,,,,,,,,,,,,,,,,,,,,,,,,,,,,,,,,,,,,,,,,,,,
Fossil Fuels - Natural Gas -  -  -  -  -  - -  -  -  -  - ,,,,,,,,,,,,,,,,,,,,,,,,,,,,,2.7,,,,,,,kg CO2e/kg fuel,,,,,,,,,,,,,,,,,,,,,,,,,,,,,0.002350523,,,,,,,kg CO2e/liter fuel,,,,,,,,,,,,,,,,,,,,,,,,,,,,,,,,,,,,,,,,,,,,,,,,,,,,,,,,,,,,,,,,,,,,,,,,,,,,,,,,,,,,,,,,,,,,,,,,,,,,,,,,,,,,,,,,,,,,,,,,,,,,,,,,,,,,,,,,,,,,,,,,,,,,,,,,,,,,,,,,,,,,,,,,,,,,,,,,,,,,,,,,,,,,,,,,,,,,,,,,,,,,,,,,,,,,,,,,,,,,,,,,,,,,,,,,,,,,,,,,,,,,,56152,,,,,,,kgCO2e/TJ,,,,,,,,,,,,,,,,,,,,,,,,,,,,,,,,,,,,,,,,,,,,,,,,,,,,,,,,,,,,,,,,,,,,,,,,,,,,,,,,,,,,,,,,,,,,,,,,,,,,,,,,,,,,,,,,,,,,,,,,,,,,,,,,,,,,,,,,,,,,,,,,,,,,,,,,,,,,,,,,,,,,,,,,,,,,,,,,,,,,,,,,
Fossil Fuels - Municipal Wastes (non-biomass fraction) -  -  -  -  -  - -  -  -  -  - ,,,,,,,,,,,,,,,,,,,,,,,,,,,,,0.94,,,,,,,kg CO2e/kg fuel,,,,,,,,,,,,,,,,,,,,,,,,,,,,,,,,,,,,kg CO2e/liter fuel,,,,,,,,,,,,,,,,,,,,,,,,,,,,,,,,,,,,,,,,,,,,,,,,,,,,,,,,,,,,,,,,,,,,,,,,,,,,,,,,,,,,,,,,,,,,,,,,,,,,,,,,,,,,,,,,,,,,,,,,,,,,,,,,,,,,,,,,,,,,,,,,,,,,,,,,,,,,,,,,,,,,,,,,,,,,,,,,,,,,,,,,,,,,,,,,,,,,,,,,,,,,,,,,,,,,,,,,,,,,,,,,,,,,,,,,,,,,,,,,,,,,,93570,,,,,,,kgCO2e/TJ,,,,,,,,,,,,,,,,,,,,,,,,,,,,,,,,,,,,,,,,,,,,,,,,,,,,,,,,,,,,,,,,,,,,,,,,,,,,,,,,,,,,,,,,,,,,,,,,,,,,,,,,,,,,,,,,,,,,,,,,,,,,,,,,,,,,,,,,,,,,,,,,,,,,,,,,,,,,,,,,,,,,,,,,,,,,,,,,,,,,,,,,
Fossil Fuels - Industrial Wastes -  -  -  -  -  - -  -  -  -  - ,,,,,,,,,,,,,,,,,,,,,,,,,,,,,0,,,,,,,kg CO2e/kg fuel,,,,,,,,,,,,,,,,,,,,,,,,,,,,,,,,,,,,kg CO2e/liter fuel,,,,,,,,,,,,,,,,,,,,,,,,,,,,,,,,,,,,,,,,,,,,,,,,,,,,,,,,,,,,,,,,,,,,,,,,,,,,,,,,,,,,,,,,,,,,,,,,,,,,,,,,,,,,,,,,,,,,,,,,,,,,,,,,,,,,,,,,,,,,,,,,,,,,,,,,,,,,,,,,,,,,,,,,,,,,,,,,,,,,,,,,,,,,,,,,,,,,,,,,,,,,,,,,,,,,,,,,,,,,,,,,,,,,,,,,,,,,,,,,,,,,,144870,,,,,,,kgCO2e/TJ,,,,,,,,,,,,,,,,,,,,,,,,,,,,,,,,,,,,,,,,,,,,,,,,,,,,,,,,,,,,,,,,,,,,,,,,,,,,,,,,,,,,,,,,,,,,,,,,,,,,,,,,,,,,,,,,,,,,,,,,,,,,,,,,,,,,,,,,,,,,,,,,,,,,,,,,,,,,,,,,,,,,,,,,,,,,,,,,,,,,,,,,
Fossil Fuels - Waste Oils -  -  -  -  -  - -  -  -  -  - ,,,,,,,,,,,,,,,,,,,,,,,,,,,,,3.02,,,,,,,kg CO2e/kg fuel,,,,,,,,,,,,,,,,,,,,,,,,,,,,,,,,,,,,kg CO2e/liter fuel,,,,,,,,,,,,,,,,,,,,,,,,,,,,,,,,,,,,,,,,,,,,,,,,,,,,,,,,,,,,,,,,,,,,,,,,,,,,,,,,,,,,,,,,,,,,,,,,,,,,,,,,,,,,,,,,,,,,,,,,,,,,,,,,,,,,,,,,,,,,,,,,,,,,,,,,,,,,,,,,,,,,,,,,,,,,,,,,,,,,,,,,,,,,,,,,,,,,,,,,,,,,,,,,,,,,,,,,,,,,,,,,,,,,,,,,,,,,,,,,,,,,,75170,,,,,,,kgCO2e/TJ,,,,,,,,,,,,,,,,,,,,,,,,,,,,,,,,,,,,,,,,,,,,,,,,,,,,,,,,,,,,,,,,,,,,,,,,,,,,,,,,,,,,,,,,,,,,,,,,,,,,,,,,,,,,,,,,,,,,,,,,,,,,,,,,,,,,,,,,,,,,,,,,,,,,,,,,,,,,,,,,,,,,,,,,,,,,,,,,,,,,,,,,
Fossil Fuels - Peat -  -  -  -  -  - -  -  -  -  - ,,,,,,,,,,,,,,,,,,,,,,,,,,,,,1.04,,,,,,,kg CO2e/kg fuel,,,,,,,,,,,,,,,,,,,,,,,,,,,,,,,,,,,,kg CO2e/liter fuel,,,,,,,,,,,,,,,,,,,,,,,,,,,,,,,,,,,,,,,,,,,,,,,,,,,,,,,,,,,,,,,,,,,,,,,,,,,,,,,,,,,,,,,,,,,,,,,,,,,,,,,,,,,,,,,,,,,,,,,,,,,,,,,,,,,,,,,,,,,,,,,,,,,,,,,,,,,,,,,,,,,,,,,,,,,,,,,,,,,,,,,,,,,,,,,,,,,,,,,,,,,,,,,,,,,,,,,,,,,,,,,,,,,,,,,,,,,,,,,,,,,,,106486,,,,,,,kgCO2e/TJ,,,,,,,,,,,,,,,,,,,,,,,,,,,,,,,,,,,,,,,,,,,,,,,,,,,,,,,,,,,,,,,,,,,,,,,,,,,,,,,,,,,,,,,,,,,,,,,,,,,,,,,,,,,,,,,,,,,,,,,,,,,,,,,,,,,,,,,,,,,,,,,,,,,,,,,,,,,,,,,,,,,,,,,,,,,,,,,,,,,,,,,,
Fossil Fuels - Wood / Wood Waste -  -  -  -  -  - -  -  -  -  - ,,,,,,,,,,,,,,,,,,,,,,,,,,,,,1.78,,,,,,,kg CO2e/kg fuel,,,,,,,,,,,,,,,,,,,,,,,,,,,,,0.888186,,,,,,,kg CO2e/liter fuel,,,,,,,,,,,,,,,,,,,,,,,,,,,,,,,,,,,,,,,,,,,,,,,,,,,,,,,,,,,,,,,,,,,,,,,,,,,,,,,,,,,,,,,,,,,,,,,,,,,,,,,,,,,,,,,,,,,,,,,,,,,,,,,,,,,,,,,,,,,,,,,,,,,,,,,,,,,,,,,,,,,,,,,,,,,,,,,,,,,,,,,,,,,,,,,,,,,,,,,,,,,,,,,,,,,,,,,,,,,,,,,,,,,,,,,,,,,,,,,,,,,,,113870,,,,,,,kgCO2e/TJ,,,,,,,,,,,,,,,,,,,,,,,,,,,,,,,,,,,,,,,,,,,,,,,,,,,,,,,,,,,,,,,,,,,,,,,,,,,,,,,,,,,,,,,,,,,,,,,,,,,,,,,,,,,,,,,,,,,,,,,,,,,,,,,,,,,,,,,,,,,,,,,,,,,,,,,,,,,,,,,,,,,,,,,,,,,,,,,,,,,,,,,,
Fossil Fuels - Sulphite lyes (Black Liquor)a -  -  -  -  -  - -  -  -  -  - ,,,,,,,,,,,,,,,,,,,,,,,,,,,,,1.13,,,,,,,kg CO2e/kg fuel,,,,,,,,,,,,,,,,,,,,,,,,,,,,,,,,,,,,kg CO2e/liter fuel,,,,,,,,,,,,,,,,,,,,,,,,,,,,,,,,,,,,,,,,,,,,,,,,,,,,,,,,,,,,,,,,,,,,,,,,,,,,,,,,,,,,,,,,,,,,,,,,,,,,,,,,,,,,,,,,,,,,,,,,,,,,,,,,,,,,,,,,,,,,,,,,,,,,,,,,,,,,,,,,,,,,,,,,,,,,,,,,,,,,,,,,,,,,,,,,,,,,,,,,,,,,,,,,,,,,,,,,,,,,,,,,,,,,,,,,,,,,,,,,,,,,,95983,,,,,,,kgCO2e/TJ,,,,,,,,,,,,,,,,,,,,,,,,,,,,,,,,,,,,,,,,,,,,,,,,,,,,,,,,,,,,,,,,,,,,,,,,,,,,,,,,,,,,,,,,,,,,,,,,,,,,,,,,,,,,,,,,,,,,,,,,,,,,,,,,,,,,,,,,,,,,,,,,,,,,,,,,,,,,,,,,,,,,,,,,,,,,,,,,,,,,,,,,
Fossil Fuels - Other Primary Solid Biomass -  -  -  -  -  - -  -  -  -  - ,,,,,,,,,,,,,,,,,,,,,,,,,,,,,1.18,,,,,,,kg CO2e/kg fuel,,,,,,,,,,,,,,,,,,,,,,,,,,,,,,,,,,,,kg CO2e/liter fuel,,,,,,,,,,,,,,,,,,,,,,,,,,,,,,,,,,,,,,,,,,,,,,,,,,,,,,,,,,,,,,,,,,,,,,,,,,,,,,,,,,,,,,,,,,,,,,,,,,,,,,,,,,,,,,,,,,,,,,,,,,,,,,,,,,,,,,,,,,,,,,,,,,,,,,,,,,,,,,,,,,,,,,,,,,,,,,,,,,,,,,,,,,,,,,,,,,,,,,,,,,,,,,,,,,,,,,,,,,,,,,,,,,,,,,,,,,,,,,,,,,,,,101870,,,,,,,kgCO2e/TJ,,,,,,,,,,,,,,,,,,,,,,,,,,,,,,,,,,,,,,,,,,,,,,,,,,,,,,,,,,,,,,,,,,,,,,,,,,,,,,,,,,,,,,,,,,,,,,,,,,,,,,,,,,,,,,,,,,,,,,,,,,,,,,,,,,,,,,,,,,,,,,,,,,,,,,,,,,,,,,,,,,,,,,,,,,,,,,,,,,,,,,,,
Fossil Fuels - Charcoal -  -  -  -  -  - -  -  -  -  - ,,,,,,,,,,,,,,,,,,,,,,,,,,,,,3.46,,,,,,,kg CO2e/kg fuel,,,,,,,,,,,,,,,,,,,,,,,,,,,,,,,,,,,,kg CO2e/liter fuel,,,,,,,,,,,,,,,,,,,,,,,,,,,,,,,,,,,,,,,,,,,,,,,,,,,,,,,,,,,,,,,,,,,,,,,,,,,,,,,,,,,,,,,,,,,,,,,,,,,,,,,,,,,,,,,,,,,,,,,,,,,,,,,,,,,,,,,,,,,,,,,,,,,,,,,,,,,,,,,,,,,,,,,,,,,,,,,,,,,,,,,,,,,,,,,,,,,,,,,,,,,,,,,,,,,,,,,,,,,,,,,,,,,,,,,,,,,,,,,,,,,,,117440,,,,,,,kgCO2e/TJ,,,,,,,,,,,,,,,,,,,,,,,,,,,,,,,,,,,,,,,,,,,,,,,,,,,,,,,,,,,,,,,,,,,,,,,,,,,,,,,,,,,,,,,,,,,,,,,,,,,,,,,,,,,,,,,,,,,,,,,,,,,,,,,,,,,,,,,,,,,,,,,,,,,,,,,,,,,,,,,,,,,,,,,,,,,,,,,,,,,,,,,,
Fossil Fuels - Biogasoline -  -  -  -  -  - -  -  -  -  - ,,,,,,,,,,,,,,,,,,,,,,,,,,,,,1.92,,,,,,,kg CO2e/kg fuel,,,,,,,,,,,,,,,,,,,,,,,,,,,,,,,,,,,,kg CO2e/liter fuel,,,,,,,,,,,,,,,,,,,,,,,,,,,,,,,,,,,,,,,,,,,,,,,,,,,,,,,,,,,,,,,,,,,,,,,,,,,,,,,,,,,,,,,,,,,,,,,,,,,,,,,,,,,,,,,,,,,,,,,,,,,,,,,,,,,,,,,,,,,,,,,,,,,,,,,,,,,,,,,,,,,,,,,,,,,,,,,,,,,,,,,,,,,,,,,,,,,,,,,,,,,,,,,,,,,,,,,,,,,,,,,,,,,,,,,,,,,,,,,,,,,,,71049,,,,,,,kgCO2e/TJ,,,,,,,,,,,,,,,,,,,,,,,,,,,,,,,,,,,,,,,,,,,,,,,,,,,,,,,,,,,,,,,,,,,,,,,,,,,,,,,,,,,,,,,,,,,,,,,,,,,,,,,,,,,,,,,,,,,,,,,,,,,,,,,,,,,,,,,,,,,,,,,,,,,,,,,,,,,,,,,,,,,,,,,,,,,,,,,,,,,,,,,,
Fossil Fuels - Biodiesels -  -  -  -  -  - -  -  -  -  - ,,,,,,,,,,,,,,,,,,,,,,,,,,,,,1.92,,,,,,,kg CO2e/kg fuel,,,,,,,,,,,,,,,,,,,,,,,,,,,,,1.68812424,,,,,,,kg CO2e/liter fuel,,,,,,,,,,,,,,,,,,,,,,,,,,,,,,,,,,,,,,,,,,,,,,,,,,,,,,,,,,,,,,,,,,,,,,,,,,,,,,,,,,,,,,,,,,,,,,,,,,,,,,,,,,,,,,,,,,,,,,,,,,,,,,,,,,,,,,,,,,,,,,,,,,,,,,,,,,,,,,,,,,,,,,,,,,,,,,,,,,,,,,,,,,,,,,,,,,,,,,,,,,,,,,,,,,,,,,,,,,,,,,,,,,,,,,,,,,,,,,,,,,,,,71049,,,,,,,kgCO2e/TJ,,,,,,,,,,,,,,,,,,,,,,,,,,,,,,,,,,,,,,,,,,,,,,,,,,,,,,,,,,,,,,,,,,,,,,,,,,,,,,,,,,,,,,,,,,,,,,,,,,,,,,,,,,,,,,,,,,,,,,,,,,,,,,,,,,,,,,,,,,,,,,,,,,,,,,,,,,,,,,,,,,,,,,,,,,,,,,,,,,,,,,,,
Fossil Fuels - Other Liquid Biofuels -  -  -  -  -  - -  -  -  -  - ,,,,,,,,,,,,,,,,,,,,,,,,,,,,,2.19,,,,,,,kg CO2e/kg fuel,,,,,,,,,,,,,,,,,,,,,,,,,,,,,,,,,,,,kg CO2e/liter fuel,,,,,,,,,,,,,,,,,,,,,,,,,,,,,,,,,,,,,,,,,,,,,,,,,,,,,,,,,,,,,,,,,,,,,,,,,,,,,,,,,,,,,,,,,,,,,,,,,,,,,,,,,,,,,,,,,,,,,,,,,,,,,,,,,,,,,,,,,,,,,,,,,,,,,,,,,,,,,,,,,,,,,,,,,,,,,,,,,,,,,,,,,,,,,,,,,,,,,,,,,,,,,,,,,,,,,,,,,,,,,,,,,,,,,,,,,,,,,,,,,,,,,79849,,,,,,,kgCO2e/TJ,,,,,,,,,,,,,,,,,,,,,,,,,,,,,,,,,,,,,,,,,,,,,,,,,,,,,,,,,,,,,,,,,,,,,,,,,,,,,,,,,,,,,,,,,,,,,,,,,,,,,,,,,,,,,,,,,,,,,,,,,,,,,,,,,,,,,,,,,,,,,,,,,,,,,,,,,,,,,,,,,,,,,,,,,,,,,,,,,,,,,,,,
Fossil Fuels - Landfill Gas -  -  -  -  -  - -  -  -  -  - ,,,,,,,,,,,,,,,,,,,,,,,,,,,,,2.75,,,,,,,kg CO2e/kg fuel,,,,,,,,,,,,,,,,,,,,,,,,,,,,,,,,,,,,kg CO2e/liter fuel,,,,,,,,,,,,,,,,,,,,,,,,,,,,,,,,,,,,,,,,,,,,,,,,,,,,,,,,,,,,,,,,,,,,,,,,,,,,,,,,,,,,,,,,,,,,,,,,,,,,,,,,,,,,,,,,,,,,,,,,,,,,,,,,,,,,,,,,,,,,,,,,,,,,,,,,,,,,,,,,,,,,,,,,,,,,,,,,,,,,,,,,,,,,,,,,,,,,,,,,,,,,,,,,,,,,,,,,,,,,,,,,,,,,,,,,,,,,,,,,,,,,,54652,,,,,,,kgCO2e/TJ,,,,,,,,,,,,,,,,,,,,,,,,,,,,,,,,,,,,,,,,,,,,,,,,,,,,,,,,,,,,,,,,,,,,,,,,,,,,,,,,,,,,,,,,,,,,,,,,,,,,,,,,,,,,,,,,,,,,,,,,,,,,,,,,,,,,,,,,,,,,,,,,,,,,,,,,,,,,,,,,,,,,,,,,,,,,,,,,,,,,,,,,
Fossil Fuels - Sludge Gas -  -  -  -  -  - -  -  -  -  - ,,,,,,,,,,,,,,,,,,,,,,,,,,,,,2.75,,,,,,,kg CO2e/kg fuel,,,,,,,,,,,,,,,,,,,,,,,,,,,,,,,,,,,,kg CO2e/liter fuel,,,,,,,,,,,,,,,,,,,,,,,,,,,,,,,,,,,,,,,,,,,,,,,,,,,,,,,,,,,,,,,,,,,,,,,,,,,,,,,,,,,,,,,,,,,,,,,,,,,,,,,,,,,,,,,,,,,,,,,,,,,,,,,,,,,,,,,,,,,,,,,,,,,,,,,,,,,,,,,,,,,,,,,,,,,,,,,,,,,,,,,,,,,,,,,,,,,,,,,,,,,,,,,,,,,,,,,,,,,,,,,,,,,,,,,,,,,,,,,,,,,,,54652,,,,,,,kgCO2e/TJ,,,,,,,,,,,,,,,,,,,,,,,,,,,,,,,,,,,,,,,,,,,,,,,,,,,,,,,,,,,,,,,,,,,,,,,,,,,,,,,,,,,,,,,,,,,,,,,,,,,,,,,,,,,,,,,,,,,,,,,,,,,,,,,,,,,,,,,,,,,,,,,,,,,,,,,,,,,,,,,,,,,,,,,,,,,,,,,,,,,,,,,,
Fossil Fuels - Other Biogas -  -  -  -  -  - -  -  -  -  - ,,,,,,,,,,,,,,,,,,,,,,,,,,,,,2.75,,,,,,,kg CO2e/kg fuel,,,,,,,,,,,,,,,,,,,,,,,,,,,,,,,,,,,,kg CO2e/liter fuel,,,,,,,,,,,,,,,,,,,,,,,,,,,,,,,,,,,,,,,,,,,,,,,,,,,,,,,,,,,,,,,,,,,,,,,,,,,,,,,,,,,,,,,,,,,,,,,,,,,,,,,,,,,,,,,,,,,,,,,,,,,,,,,,,,,,,,,,,,,,,,,,,,,,,,,,,,,,,,,,,,,,,,,,,,,,,,,,,,,,,,,,,,,,,,,,,,,,,,,,,,,,,,,,,,,,,,,,,,,,,,,,,,,,,,,,,,,,,,,,,,,,,54652,,,,,,,kgCO2e/TJ,,,,,,,,,,,,,,,,,,,,,,,,,,,,,,,,,,,,,,,,,,,,,,,,,,,,,,,,,,,,,,,,,,,,,,,,,,,,,,,,,,,,,,,,,,,,,,,,,,,,,,,,,,,,,,,,,,,,,,,,,,,,,,,,,,,,,,,,,,,,,,,,,,,,,,,,,,,,,,,,,,,,,,,,,,,,,,,,,,,,,,,,
Fossil Fuels - Municipal Wastes (biomass fraction) -  -  -  -  -  - -  -  -  -  - ,,,,,,,,,,,,,,,,,,,,,,,,,,,,,1.18,,,,,,,kg CO2e/kg fuel,,,,,,,,,,,,,,,,,,,,,,,,,,,,,,,,,,,,kg CO2e/liter fuel,,,,,,,,,,,,,,,,,,,,,,,,,,,,,,,,,,,,,,,,,,,,,,,,,,,,,,,,,,,,,,,,,,,,,,,,,,,,,,,,,,,,,,,,,,,,,,,,,,,,,,,,,,,,,,,,,,,,,,,,,,,,,,,,,,,,,,,,,,,,,,,,,,,,,,,,,,,,,,,,,,,,,,,,,,,,,,,,,,,,,,,,,,,,,,,,,,,,,,,,,,,,,,,,,,,,,,,,,,,,,,,,,,,,,,,,,,,,,,,,,,,,,101870,,,,,,,kgCO2e/TJ,,,,,,,,,,,,,,,,,,,,,,,,,,,,,,,,,,,,,,,,,,,,,,,,,,,,,,,,,,,,,,,,,,,,,,,,,,,,,,,,,,,,,,,,,,,,,,,,,,,,,,,,,,,,,,,,,,,,,,,,,,,,,,,,,,,,,,,,,,,,,,,,,,,,,,,,,,,,,,,,,,,,,,,,,,,,,,,,,,,,,,,,
Fossil Fuels - LSHS/HHS -  -  -  -  -  - -  -  -  -  - ,,,,,,,,,,,,,,,,,,,,,,,,,,,,,3.14,,,,,,,kg CO2e/kg fuel,,,,,,,,,,,,,,,,,,,,,,,,,,,,,2.5968,,,,,,,kg CO2e/liter fuel,,,,,,,,,,,,,,,,,,,,,,,,,,,,,,,,,,,,,,,,,,,,,,,,,,,,,,,,,,,,,,,,,,,,,,,,,,,,,,,,,,,,,,,,,,,,,,,,,,,,,,,,,,,,,,,,,,,,,,,,,,,,,,,,,,,,,,,,,,,,,,,,,,,,,,,,,,,,,,,,,,,,,,,,,,,,,,,,,,,,,,,,,,,,,,,,,,,,,,,,,,,,,,,,,,,,,,,,,,,,,,,,,,,,,,,,,,,,,,,,,,,,,,,,,,,,,,,,,,,,,,,,,,,,,,,,,,,,,,,,,,,,,,,,,,,,,,,,,,,,,,,,,,,,,,,,,,,,,,,,,,,,,,,,,,,,,,,,,,,,,,,,,,,,,,,,,,,,,,,,,,,,,,,,,,,,,,,,,,,,,,,,,,,,,,,,,,,,,,,,,,,,,,,,,,,,,,,,,,,,,,,,,,,,,,,,,,,,
Fossil Fuels - Propane -  -  -  -  -  - -  -  -  -  - ,,,,,,,,,,,,,,,,,,,,,,,,,,,,,3,,,,,,,kg CO2e/kg fuel,,,,,,,,,,,,,,,,,,,,,,,,,,,,,0.006,,,,,,,kg CO2e/liter fuel,,,,,,,,,,,,,,,,,,,,,,,,,,,,,,,,,,,,,,,,,,,,,,,,,,,,,,,,,,,,,,,,,,,,,,,,,,,,,,,,,,,,,,,,,,,,,,,,,,,,,,,,,,,,,,,,,,,,,,,,,,,,,,,,,,,,,,,,,,,,,,,,,,,,,,,,,,,,,,,,,,,,,,,,,,,,,,,,,,,,,,,,,,,,,,,,,,,,,,,,,,,,,,,,,,,,,,,,,,,,,,,,,,,,,,,,,,,,,,,,,,,,,,,,,,,,,,,,,,,,,,,,,,,,,,,,,,,,,,,,,,,,,,,,,,,,,,,,,,,,,,,,,,,,,,,,,,,,,,,,,,,,,,,,,,,,,,,,,,,,,,,,,,,,,,,,,,,,,,,,,,,,,,,,,,,,,,,,,,,,,,,,,,,,,,,,,,,,,,,,,,,,,,,,,,,,,,,,,,,,,,,,,,,,,,,,,,,,
Fossil Fuels - Acetylene -  -  -  -  -  - -  -  -  -  - ,,,,,,,,,,,,,,,,,,,,,,,,,,,,,3.38,,,,,,,kg CO2e/kg fuel,,,,,,,,,,,,,,,,,,,,,,,,,,,,,,,,,,,,,,,,,,,,,,,,,,,,,,,,,,,,,,,,,,,,,,,,,,,,,,,,,,,,,,,,,,,,,,,,,,,,,,,,,,,,,,,,,,,,,,,,,,,,,,,,,,,,,,,,,,,,,,,,,,,,,,,,,,,,,,,,,,,,,,,,,,,,,,,,,,,,,,,,,,,,,,,,,,,,,,,,,,,,,,,,,,,,,,,,,,,,,,,,,,,,,,,,,,,,,,,,,,,,,,,,,,,,,,,,,,,,,,,,,,,,,,,,,,,,,,,,,,,,,,,,,,,,,,,,,,,,,,,,,,,,,,,,,,,,,,,,,,,,,,,,,,,,,,,,,,,,,,,,,,,,,,,,,,,,,,,,,,,,,,,,,,,,,,,,,,,,,,,,,,,,,,,,,,,,,,,,,,,,,,,,,,,,,,,,,,,,,,,,,,,,,,,,,,,,,,,,,,,,,,,,,,,,,,,,,,,,,,,,,,,,,,,,
Fossil Fuels - Other Energy Source -  -  -  -  -  -Site Construction -  -  -  -  - ,,,,,,,,,,,,,,,,,,,,,,,,,,,,,,,,,,,,,,,,,,,,,,,,,,,,,,,,,,,,,,,,,,,,,,,,,,,,,,,,,,,,,,,,,,,,,,,,,,,,,,,,,,,,,,,,,,,,,,,,,,,,,,,,,,,,,,,,,,,,,,,,,,,,,,,,,,,,,,,,,,,,,,,,,,,,,,,,,,,,,,,,,,,,,,,,,,,,,,,,,,,,,,,,,,,,,,,,,,,,,,,,,,,,,,,,,,,,,,,,,,,,,,,,,,,,,,,,,,,,,,,,,,,,,,,,,,,,,,,,,,,,,,,,,,,,,,,,,,,,,,,,,,,,,,,,,,,,,,,,,,,,,,,,,,,,,,,,,,,,,,,,,,,,,,26.95,,,,,,,,,,kg CO2e/m2,,,,,,,,,,,,,,,,,,,,,,,,,,,,,,,,,,,,,,,,,,,,,,,,,,,,,,,,,,,,,,,,,,,,,,,,,,,,,,,,,,,,,,,,,,,,,,,,,,,,,,,,,,,,,,,,,,,,,,,,,,,,,,,,,,,,,,,,,,,,,,,,,,,,
Fossil Fuels - Other Energy Source -  -  -  -  -  -Site Demolition -  -  -  -  - ,,,,,,,,,,,,,,,,,,,,,,,,,,,,,,,,,,,,,,,,,,,,,,,,,,,,,,,,,,,,,,,,,,,,,,,,,,,,,,,,,,,,,,,,,,,,,,,,,,,,,,,,,,,,,,,,,,,,,,,,,,,,,,,,,,,,,,,,,,,,,,,,,,,,,,,,,,,,,,,,,,,,,,,,,,,,,,,,,,,,,,,,,,,,,,,,,,,,,,,,,,,,,,,,,,,,,,,,,,,,,,,,,,,,,,,,,,,,,,,,,,,,,,,,,,,,,,,,,,,,,,,,,,,,,,,,,,,,,,,,,,,,,,,,,,,,,,,,,,,,,,,,,,,,,,,,,,,,,,,,,,,,,,,,,,,,,,,,,,,,,,,,,,,,,,13.475,,,,,,,,,,kg CO2e/m2,,,,,,,,,,,,,,,,,,,,,,,,,,,,,,,,,,,,,,,,,,,,,,,,,,,,,,,,,,,,,,,,,,,,,,,,,,,,,,,,,,,,,,,,,,,,,,,,,,,,,,,,,,,,,,,,,,,,,,,,,,,,,,,,,,,,,,,,,,,,,,,,,,,,
Road Travel - Automobile - 2W - Scooter -  -  -  -Private Travel - City -  - Petrol - 4 ST - ,,,,,,,,,,,,,,,,,,,,,,,,,,,,,3.08,,,,,,,kg CO2e/kg fuel,,,,,,,,,,,,,,,,,,,,,,,,,,,,,2.3,,,,,,,kg CO2e/liter fuel,,,,0.038683095,,,,,0.040334472,,,,,0.040707617,,,,,0.04031186,,,,,0.043730667,,,,,0.042,,,,,,,kg CO2e/Rs.,,,,,,,,,,,,,,,,,,,,,,,,,,,,,0.037664375,,,,,,,kg CO2e/v-km,,,,,,,,,,,,,,,,,,,,,,,,,,,,,,,,,,,,,,,,,,,,,,,,,,,,,,,,,,,,,,,,,0.617,,,,,,, kg CO2/v-hr,,,,,,,,,,,,,,,,,,,,,,,,,,,,,,,,,,,,,,,,,,,,,,,,,,,,,,,,,,,,,,,,,,,,,,,,,,,,,,,,,,,,,,,,,,,,,,,,,,,,,,,,,,,,,,,,,,,,,,,,,,,,,,,,,,,,,,,,,,,,,,,,,,,,,,,,,,,,,,,,,,,,,,,,,,,,,,,,,,,,,,,,,,,,,,,,,,,,,,,,,,,,,,,,,,,,,,,,,,,,,,,,,,,,,,,,,,,,,,,,,,,,,,,,,,,,,,,,,,,,,,,,,,,,,,,,,,,,,,,,,,,,,,,,,,,,
Road Travel - Automobile - 4W  - Sedan -  -  -  -Private Travel - City Travel - AC - CNG - Manual - ,,,,,,,,,,,,,,,,,,,,,,,,,,,,,2.7,,,,,,,kg CO2e/kg fuel,,,,,,,,,,,,,,,,,,,,,,,,,,,,,,,,,,,,kg CO2e/liter fuel,,,,0.074012705,,,,,0.074012705,,,,,0.074012705,,,,,0.084228,,,,,0.084228,,,,,0.074,,,,,,,kg CO2e/Rs.,,,,,,,,,,,,,,,,,,,,,,,,,,,,,0.187562208,,,,,,,kg CO2e/v-km,,,,,,,,,,,,,,,,,,,,,,,,,,,,,,,,,,,,,,,,,,,,,,,,,,,,,,,,,,,,,,,,,3.471592794,,,,,,, kg CO2/v-hr,,,,,,,,,,,,,,,,,,,,,,,,,,,,,,,,,,,,,,,,,,,,,,,,,,,,,,,,,,,,,,,,,,,,,,,,,,,,,,,,,,,,,,,,,,,,,,,,,,,,,,,,,,,,,,,,,,,,,,,,,,,,,,,,,,,,,,,,,,,,,,,,,,,,,,,,,,,,,,,,,,,,,,,,,,,,,,,,,,,,,,,,,,,,,,,,,,,,,,,,,,,,,,,,,,,,,,,,,,,,,,,,,,,,,,,,,,,,,,,,,,,,,,,,,,,,,,,,,,,,,,,,,,,,,,,,,,,,,,,,,,,,,,,,,,,,
Road Travel - Automobile - 4W  - Sedan -  -  -  -Private Travel - City Travel - Non AC - CNG - Manual - ,,,,,,,,,,,,,,,,,,,,,,,,,,,,,2.7,,,,,,,kg CO2e/kg fuel,,,,,,,,,,,,,,,,,,,,,,,,,,,,,,,,,,,,kg CO2e/liter fuel,,,,0.074012705,,,,,0.074012705,,,,,0.074012705,,,,,0.084228,,,,,0.084228,,,,,0.074,,,,,,,kg CO2e/Rs.,,,,,,,,,,,,,,,,,,,,,,,,,,,,,0.15,,,,,,,kg CO2e/v-km,,,,,,,,,,,,,,,,,,,,,,,,,,,,,,,,,,,,,,,,,,,,,,,,,,,,,,,,,,,,,,,,,2.740441635,,,,,,, kg CO2/v-hr,,,,,,,,,,,,,,,,,,,,,,,,,,,,,,,,,,,,,,,,,,,,,,,,,,,,,,,,,,,,,,,,,,,,,,,,,,,,,,,,,,,,,,,,,,,,,,,,,,,,,,,,,,,,,,,,,,,,,,,,,,,,,,,,,,,,,,,,,,,,,,,,,,,,,,,,,,,,,,,,,,,,,,,,,,,,,,,,,,,,,,,,,,,,,,,,,,,,,,,,,,,,,,,,,,,,,,,,,,,,,,,,,,,,,,,,,,,,,,,,,,,,,,,,,,,,,,,,,,,,,,,,,,,,,,,,,,,,,,,,,,,,,,,,,,,,
Road Travel - Automobile - 4W  - Sedan -  -  -  -Private Travel - Intercity Travel - AC - CNG - Manual - ,,,,,,,,,,,,,,,,,,,,,,,,,,,,,2.7,,,,,,,kg CO2e/kg fuel,,,,,,,,,,,,,,,,,,,,,,,,,,,,,,,,,,,,kg CO2e/liter fuel,,,,0.074012705,,,,,0.074012705,,,,,0.074012705,,,,,0.084228,,,,,0.084228,,,,,0.074,,,,,,,kg CO2e/Rs.,,,,,,,,,,,,,,,,,,,,,,,,,,,,,0.126806974,,,,,,,kg CO2e/v-km,,,,,,,,,,,,,,,,,,,,,,,,,,,,,,,,,,,,,,,,,,,,,,,,,,,,,,,,,,,,,,,,,2.347072905,,,,,,, kg CO2/v-hr,,,,,,,,,,,,,,,,,,,,,,,,,,,,,,,,,,,,,,,,,,,,,,,,,,,,,,,,,,,,,,,,,,,,,,,,,,,,,,,,,,,,,,,,,,,,,,,,,,,,,,,,,,,,,,,,,,,,,,,,,,,,,,,,,,,,,,,,,,,,,,,,,,,,,,,,,,,,,,,,,,,,,,,,,,,,,,,,,,,,,,,,,,,,,,,,,,,,,,,,,,,,,,,,,,,,,,,,,,,,,,,,,,,,,,,,,,,,,,,,,,,,,,,,,,,,,,,,,,,,,,,,,,,,,,,,,,,,,,,,,,,,,,,,,,,,
Road Travel - Automobile - 4W  - Sedan -  -  -  -Private Travel - Intercity Travel - Non AC - CNG - Manual - ,,,,,,,,,,,,,,,,,,,,,,,,,,,,,2.7,,,,,,,kg CO2e/kg fuel,,,,,,,,,,,,,,,,,,,,,,,,,,,,,,,,,,,,kg CO2e/liter fuel,,,,0.074012705,,,,,0.074012705,,,,,0.074012705,,,,,0.084228,,,,,0.084228,,,,,0.074,,,,,,,kg CO2e/Rs.,,,,,,,,,,,,,,,,,,,,,,,,,,,,,0.100100193,,,,,,,kg CO2e/v-km,,,,,,,,,,,,,,,,,,,,,,,,,,,,,,,,,,,,,,,,,,,,,,,,,,,,,,,,,,,,,,,,,1.852756556,,,,,,, kg CO2/v-hr,,,,,,,,,,,,,,,,,,,,,,,,,,,,,,,,,,,,,,,,,,,,,,,,,,,,,,,,,,,,,,,,,,,,,,,,,,,,,,,,,,,,,,,,,,,,,,,,,,,,,,,,,,,,,,,,,,,,,,,,,,,,,,,,,,,,,,,,,,,,,,,,,,,,,,,,,,,,,,,,,,,,,,,,,,,,,,,,,,,,,,,,,,,,,,,,,,,,,,,,,,,,,,,,,,,,,,,,,,,,,,,,,,,,,,,,,,,,,,,,,,,,,,,,,,,,,,,,,,,,,,,,,,,,,,,,,,,,,,,,,,,,,,,,,,,,
Road Travel - Automobile - 4W  - Sedan -  -  -  -Private Travel - City Travel - AC - Diesel - Manual - ,,,,,,,,,,,,,,,,,,,,,,,,,,,,,3.2,,,,,,,kg CO2e/kg fuel,,,,,,,,,,,,,,,,,,,,,,,,,,,,,2.66,,,,,,,kg CO2e/liter fuel,,,,0.062975925,,,,,0.067134191,,,,,0.067308529,,,,,0.064086192,,,,,0.069474927,,,,,0.068,,,,,,,kg CO2e/Rs.,,,,,,,,,,,,,,,,,,,,,,,,,,,,,0.26397244,,,,,,,kg CO2e/v-km,,,,,,,,,,,,,,,,,,,,,,,,,,,,,,,,,,,,,,,,,,,,,,,,,,,,,,,,,,,,,,,,,4.935961413,,,,,,, kg CO2/v-hr,,,,,,,,,,,,,,,,,,,,,,,,,,,,,,,,,,,,,,,,,,,,,,,,,,,,,,,,,,,,,,,,,,,,,,,,,,,,,,,,,,,,,,,,,,,,,,,,,,,,,,,,,,,,,,,,,,,,,,,,,,,,,,,,,,,,,,,,,,,,,,,,,,,,,,,,,,,,,,,,,,,,,,,,,,,,,,,,,,,,,,,,,,,,,,,,,,,,,,,,,,,,,,,,,,,,,,,,,,,,,,,,,,,,,,,,,,,,,,,,,,,,,,,,,,,,,,,,,,,,,,,,,,,,,,,,,,,,,,,,,,,,,,,,,,,,
Road Travel - Automobile - 4W  - Sedan -  -  -  -Private Travel - City Travel - Non AC - Diesel - Manual - ,,,,,,,,,,,,,,,,,,,,,,,,,,,,,3.2,,,,,,,kg CO2e/kg fuel,,,,,,,,,,,,,,,,,,,,,,,,,,,,,2.66,,,,,,,kg CO2e/liter fuel,,,,0.062975925,,,,,0.067134191,,,,,0.067308529,,,,,0.064086192,,,,,0.069474927,,,,,0.068,,,,,,,kg CO2e/Rs.,,,,,,,,,,,,,,,,,,,,,,,,,,,,,0.21,,,,,,,kg CO2e/v-km,,,,,,,,,,,,,,,,,,,,,,,,,,,,,,,,,,,,,,,,,,,,,,,,,,,,,,,,,,,,,,,,,3.8964,,,,,,, kg CO2/v-hr,,,,,,,,,,,,,,,,,,,,,,,,,,,,,,,,,,,,,,,,,,,,,,,,,,,,,,,,,,,,,,,,,,,,,,,,,,,,,,,,,,,,,,,,,,,,,,,,,,,,,,,,,,,,,,,,,,,,,,,,,,,,,,,,,,,,,,,,,,,,,,,,,,,,,,,,,,,,,,,,,,,,,,,,,,,,,,,,,,,,,,,,,,,,,,,,,,,,,,,,,,,,,,,,,,,,,,,,,,,,,,,,,,,,,,,,,,,,,,,,,,,,,,,,,,,,,,,,,,,,,,,,,,,,,,,,,,,,,,,,,,,,,,,,,,,,
Road Travel - Automobile - 4W  - Sedan -  -  -  -Private Travel - Intercity Travel - AC - Diesel - Manual - ,,,,,,,,,,,,,,,,,,,,,,,,,,,,,3.2,,,,,,,kg CO2e/kg fuel,,,,,,,,,,,,,,,,,,,,,,,,,,,,,2.66,,,,,,,kg CO2e/liter fuel,,,,0.062975925,,,,,0.067134191,,,,,0.067308529,,,,,0.064086192,,,,,0.069474927,,,,,0.068,,,,,,,kg CO2e/Rs.,,,,,,,,,,,,,,,,,,,,,,,,,,,,,0.178466369,,,,,,,kg CO2e/v-km,,,,,,,,,,,,,,,,,,,,,,,,,,,,,,,,,,,,,,,,,,,,,,,,,,,,,,,,,,,,,,,,,3.337102587,,,,,,, kg CO2/v-hr,,,,,,,,,,,,,,,,,,,,,,,,,,,,,,,,,,,,,,,,,,,,,,,,,,,,,,,,,,,,,,,,,,,,,,,,,,,,,,,,,,,,,,,,,,,,,,,,,,,,,,,,,,,,,,,,,,,,,,,,,,,,,,,,,,,,,,,,,,,,,,,,,,,,,,,,,,,,,,,,,,,,,,,,,,,,,,,,,,,,,,,,,,,,,,,,,,,,,,,,,,,,,,,,,,,,,,,,,,,,,,,,,,,,,,,,,,,,,,,,,,,,,,,,,,,,,,,,,,,,,,,,,,,,,,,,,,,,,,,,,,,,,,,,,,,,
Road Travel - Automobile - 4W  - Sedan -  -  -  -Private Travel - Intercity Travel - Non AC - Diesel - Manual - ,,,,,,,,,,,,,,,,,,,,,,,,,,,,,3.2,,,,,,,kg CO2e/kg fuel,,,,,,,,,,,,,,,,,,,,,,,,,,,,,2.66,,,,,,,kg CO2e/liter fuel,,,,0.062975925,,,,,0.067134191,,,,,0.067308529,,,,,0.064086192,,,,,0.069474927,,,,,0.068,,,,,,,kg CO2e/Rs.,,,,,,,,,,,,,,,,,,,,,,,,,,,,,0.140879618,,,,,,,kg CO2e/v-km,,,,,,,,,,,,,,,,,,,,,,,,,,,,,,,,,,,,,,,,,,,,,,,,,,,,,,,,,,,,,,,,,2.634276371,,,,,,, kg CO2/v-hr,,,,,,,,,,,,,,,,,,,,,,,,,,,,,,,,,,,,,,,,,,,,,,,,,,,,,,,,,,,,,,,,,,,,,,,,,,,,,,,,,,,,,,,,,,,,,,,,,,,,,,,,,,,,,,,,,,,,,,,,,,,,,,,,,,,,,,,,,,,,,,,,,,,,,,,,,,,,,,,,,,,,,,,,,,,,,,,,,,,,,,,,,,,,,,,,,,,,,,,,,,,,,,,,,,,,,,,,,,,,,,,,,,,,,,,,,,,,,,,,,,,,,,,,,,,,,,,,,,,,,,,,,,,,,,,,,,,,,,,,,,,,,,,,,,,,
Road Travel - Automobile - 4W  - Sedan -  -  -  -Private Travel - City Travel - AC - Auto LPG - Manual - ,,,,,,,,,,,,,,,,,,,,,,,,,,,,,2.99,,,,,,,kg CO2e/kg fuel,,,,,,,,,,,,,,,,,,,,,,,,,,,,,1.52,,,,,,,kg CO2e/liter fuel,,,,0.044334526,,,,,0.043210515,,,,,0.043837953,,,,,0.043403986,,,,,0.047103204,,,,,0.044,,,,,,,kg CO2e/Rs.,,,,,,,,,,,,,,,,,,,,,,,,,,,,,,,,,,,,,,,,,,,,,,,,,,,,,,,,,,,,,,,,,,,,,,,,,,,,,,,,,,,,,,,,,,,,,,,,,,,,,,,,,,,, kg CO2/v-hr,,,,,,,,,,,,,,,,,,,,,,,,,,,,,,,,,,,,,,,,,,,,,,,,,,,,,,,,,,,,,,,,,,,,,,,,,,,,,,,,,,,,,,,,,,,,,,,,,,,,,,,,,,,,,,,,,,,,,,,,,,,,,,,,,,,,,,,,,,,,,,,,,,,,,,,,,,,,,,,,,,,,,,,,,,,,,,,,,,,,,,,,,,,,,,,,,,,,,,,,,,,,,,,,,,,,,,,,,,,,,,,,,,,,,,,,,,,,,,,,,,,,,,,,,,,,,,,,,,,,,,,,,,,,,,,,,,,,,,,,,,,,,,,,,,,,
Road Travel - Automobile - 4W  - Sedan -  -  -  -Private Travel - City Travel - Non AC - Auto LPG - Manual - ,,,,,,,,,,,,,,,,,,,,,,,,,,,,,2.99,,,,,,,kg CO2e/kg fuel,,,,,,,,,,,,,,,,,,,,,,,,,,,,,1.52,,,,,,,kg CO2e/liter fuel,,,,0.044334526,,,,,0.043210515,,,,,0.043837953,,,,,0.043403986,,,,,0.047103204,,,,,0.044,,,,,,,kg CO2e/Rs.,,,,,,,,,,,,,,,,,,,,,,,,,,,,,,,,,,,,,,,,,,,,,,,,,,,,,,,,,,,,,,,,,,,,,,,,,,,,,,,,,,,,,,,,,,,,,,,,,,,,,,,,,,,, kg CO2/v-hr,,,,,,,,,,,,,,,,,,,,,,,,,,,,,,,,,,,,,,,,,,,,,,,,,,,,,,,,,,,,,,,,,,,,,,,,,,,,,,,,,,,,,,,,,,,,,,,,,,,,,,,,,,,,,,,,,,,,,,,,,,,,,,,,,,,,,,,,,,,,,,,,,,,,,,,,,,,,,,,,,,,,,,,,,,,,,,,,,,,,,,,,,,,,,,,,,,,,,,,,,,,,,,,,,,,,,,,,,,,,,,,,,,,,,,,,,,,,,,,,,,,,,,,,,,,,,,,,,,,,,,,,,,,,,,,,,,,,,,,,,,,,,,,,,,,,
Road Travel - Automobile - 4W  - Sedan -  -  -  -Private Travel - Intercity Travel - AC - Auto LPG - Manual - ,,,,,,,,,,,,,,,,,,,,,,,,,,,,,2.99,,,,,,,kg CO2e/kg fuel,,,,,,,,,,,,,,,,,,,,,,,,,,,,,1.52,,,,,,,kg CO2e/liter fuel,,,,0.044334526,,,,,0.043210515,,,,,0.043837953,,,,,0.043403986,,,,,0.047103204,,,,,0.044,,,,,,,kg CO2e/Rs.,,,,,,,,,,,,,,,,,,,,,,,,,,,,,,,,,,,,,,,,,,,,,,,,,,,,,,,,,,,,,,,,,,,,,,,,,,,,,,,,,,,,,,,,,,,,,,,,,,,,,,,,,,,, kg CO2/v-hr,,,,,,,,,,,,,,,,,,,,,,,,,,,,,,,,,,,,,,,,,,,,,,,,,,,,,,,,,,,,,,,,,,,,,,,,,,,,,,,,,,,,,,,,,,,,,,,,,,,,,,,,,,,,,,,,,,,,,,,,,,,,,,,,,,,,,,,,,,,,,,,,,,,,,,,,,,,,,,,,,,,,,,,,,,,,,,,,,,,,,,,,,,,,,,,,,,,,,,,,,,,,,,,,,,,,,,,,,,,,,,,,,,,,,,,,,,,,,,,,,,,,,,,,,,,,,,,,,,,,,,,,,,,,,,,,,,,,,,,,,,,,,,,,,,,,
Road Travel - Automobile - 4W  - Sedan -  -  -  -Private Travel - Intercity Travel - Non AC - Auto LPG - Manual - ,,,,,,,,,,,,,,,,,,,,,,,,,,,,,2.99,,,,,,,kg CO2e/kg fuel,,,,,,,,,,,,,,,,,,,,,,,,,,,,,1.52,,,,,,,kg CO2e/liter fuel,,,,0.044334526,,,,,0.043210515,,,,,0.043837953,,,,,0.043403986,,,,,0.047103204,,,,,0.044,,,,,,,kg CO2e/Rs.,,,,,,,,,,,,,,,,,,,,,,,,,,,,,,,,,,,,,,,,,,,,,,,,,,,,,,,,,,,,,,,,,,,,,,,,,,,,,,,,,,,,,,,,,,,,,,,,,,,,,,,,,,,, kg CO2/v-hr,,,,,,,,,,,,,,,,,,,,,,,,,,,,,,,,,,,,,,,,,,,,,,,,,,,,,,,,,,,,,,,,,,,,,,,,,,,,,,,,,,,,,,,,,,,,,,,,,,,,,,,,,,,,,,,,,,,,,,,,,,,,,,,,,,,,,,,,,,,,,,,,,,,,,,,,,,,,,,,,,,,,,,,,,,,,,,,,,,,,,,,,,,,,,,,,,,,,,,,,,,,,,,,,,,,,,,,,,,,,,,,,,,,,,,,,,,,,,,,,,,,,,,,,,,,,,,,,,,,,,,,,,,,,,,,,,,,,,,,,,,,,,,,,,,,,
Road Travel - Automobile - 4W  - Sedan -  -  -  -Private Travel - City Travel - AC - Petrol - Manual - ,,,,,,,,,,,,,,,,,,,,,,,,,,,,,3.08,,,,,,,kg CO2e/kg fuel,,,,,,,,,,,,,,,,,,,,,,,,,,,,,2.3,,,,,,,kg CO2e/liter fuel,,,,0.038683095,,,,,0.040334472,,,,,0.040707617,,,,,0.04031186,,,,,0.043730667,,,,,0.042,,,,,,,kg CO2e/Rs.,,,,,,,,,,,,,,,,,,,,,,,,,,,,,0.28617791,,,,,,,kg CO2e/v-km,,,,,,,,,,,,,,,,,,,,,,,,,,,,,,,,,,,,,,,,,,,,,,,,,,,,,,,,,,,,,,,,,5.296872871,,,,,,, kg CO2/v-hr,,,,,,,,,,,,,,,,,,,,,,,,,,,,,,,,,,,,,,,,,,,,,,,,,,,,,,,,,,,,,,,,,,,,,,,,,,,,,,,,,,,,,,,,,,,,,,,,,,,,,,,,,,,,,,,,,,,,,,,,,,,,,,,,,,,,,,,,,,,,,,,,,,,,,,,,,,,,,,,,,,,,,,,,,,,,,,,,,,,,,,,,,,,,,,,,,,,,,,,,,,,,,,,,,,,,,,,,,,,,,,,,,,,,,,,,,,,,,,,,,,,,,,,,,,,,,,,,,,,,,,,,,,,,,,,,,,,,,,,,,,,,,,,,,,,,
Road Travel - Automobile - 4W  - Sedan -  -  -  -Private Travel - City Travel - Non AC - Petrol - Manual - ,,,,,,,,,,,,,,,,,,,,,,,,,,,,,3.08,,,,,,,kg CO2e/kg fuel,,,,,,,,,,,,,,,,,,,,,,,,,,,,,2.3,,,,,,,kg CO2e/liter fuel,,,,0.038683095,,,,,0.040334472,,,,,0.040707617,,,,,0.04031186,,,,,0.043730667,,,,,0.042,,,,,,,kg CO2e/Rs.,,,,,,,,,,,,,,,,,,,,,,,,,,,,,0.225906063,,,,,,,kg CO2e/v-km,,,,,,,,,,,,,,,,,,,,,,,,,,,,,,,,,,,,,,,,,,,,,,,,,,,,,,,,,,,,,,,,,4.1813,,,,,,, kg CO2/v-hr,,,,,,,,,,,,,,,,,,,,,,,,,,,,,,,,,,,,,,,,,,,,,,,,,,,,,,,,,,,,,,,,,,,,,,,,,,,,,,,,,,,,,,,,,,,,,,,,,,,,,,,,,,,,,,,,,,,,,,,,,,,,,,,,,,,,,,,,,,,,,,,,,,,,,,,,,,,,,,,,,,,,,,,,,,,,,,,,,,,,,,,,,,,,,,,,,,,,,,,,,,,,,,,,,,,,,,,,,,,,,,,,,,,,,,,,,,,,,,,,,,,,,,,,,,,,,,,,,,,,,,,,,,,,,,,,,,,,,,,,,,,,,,,,,,,,
Road Travel - Automobile - 4W  - Sedan -  -  -  -Private Travel - Intercity Travel - AC - Petrol - Manual - ,,,,,,,,,,,,,,,,,,,,,,,,,,,,,3.08,,,,,,,kg CO2e/kg fuel,,,,,,,,,,,,,,,,,,,,,,,,,,,,,2.3,,,,,,,kg CO2e/liter fuel,,,,0.038683095,,,,,0.040334472,,,,,0.040707617,,,,,0.04031186,,,,,0.043730667,,,,,0.042,,,,,,,kg CO2e/Rs.,,,,,,,,,,,,,,,,,,,,,,,,,,,,,0.193479033,,,,,,,kg CO2e/v-km,,,,,,,,,,,,,,,,,,,,,,,,,,,,,,,,,,,,,,,,,,,,,,,,,,,,,,,,,,,,,,,,,3.581107444,,,,,,, kg CO2/v-hr,,,,,,,,,,,,,,,,,,,,,,,,,,,,,,,,,,,,,,,,,,,,,,,,,,,,,,,,,,,,,,,,,,,,,,,,,,,,,,,,,,,,,,,,,,,,,,,,,,,,,,,,,,,,,,,,,,,,,,,,,,,,,,,,,,,,,,,,,,,,,,,,,,,,,,,,,,,,,,,,,,,,,,,,,,,,,,,,,,,,,,,,,,,,,,,,,,,,,,,,,,,,,,,,,,,,,,,,,,,,,,,,,,,,,,,,,,,,,,,,,,,,,,,,,,,,,,,,,,,,,,,,,,,,,,,,,,,,,,,,,,,,,,,,,,,,
Road Travel - Automobile - 4W  - Sedan -  -  -  -Private Travel - Intercity Travel - Non AC - Petrol - Manual - ,,,,,,,,,,,,,,,,,,,,,,,,,,,,,3.08,,,,,,,kg CO2e/kg fuel,,,,,,,,,,,,,,,,,,,,,,,,,,,,,2.3,,,,,,,kg CO2e/liter fuel,,,,0.038683095,,,,,0.040334472,,,,,0.040707617,,,,,0.04031186,,,,,0.043730667,,,,,0.042,,,,,,,kg CO2e/Rs.,,,,,,,,,,,,,,,,,,,,,,,,,,,,,0.15273047,,,,,,,kg CO2e/v-km,,,,,,,,,,,,,,,,,,,,,,,,,,,,,,,,,,,,,,,,,,,,,,,,,,,,,,,,,,,,,,,,,2.826891436,,,,,,, kg CO2/v-hr,,,,,,,,,,,,,,,,,,,,,,,,,,,,,,,,,,,,,,,,,,,,,,,,,,,,,,,,,,,,,,,,,,,,,,,,,,,,,,,,,,,,,,,,,,,,,,,,,,,,,,,,,,,,,,,,,,,,,,,,,,,,,,,,,,,,,,,,,,,,,,,,,,,,,,,,,,,,,,,,,,,,,,,,,,,,,,,,,,,,,,,,,,,,,,,,,,,,,,,,,,,,,,,,,,,,,,,,,,,,,,,,,,,,,,,,,,,,,,,,,,,,,,,,,,,,,,,,,,,,,,,,,,,,,,,,,,,,,,,,,,,,,,,,,,,,
Road Travel - Automobile - 3W - Autorickshaw - City Autorickshaw -  -  -Private/Public Travel - City Travel -  - Avg. Fuel - Avg. Transmission - ,,,,,,,,,,,,,,,,,,,,,,,,,,,,,,,,,,,,,,,,,,,,,,,,,,,,,,,,,,,,,,,,,,,,,,,,,,,,0.008854307,0.008854307,,,,0.008854573,-0.02656372,,,,0.010416051,0.001919277,,,,0.012251001,-0.007350601,,,0.012260178,-0.073561071,,,,,0.0103,0.0019,,,,,,kgCO2e/Rs.,,,,,,,,,,,,,,,,,,,,,,,,,,,,,0.079,,,,,,,kg CO2e/v-km,,,,,,,,,,,,,,,,,,,,,,,,,,,,,,,,,,,,,,,,,,,,,,,,,,,,,,,,,,,,,,,,,1.59,,,,,,, kg CO2/v-hr,,,,,,,,,,,,,,,,,,,,,,,,,,,,,,,,,,,,,,,,,,,,,,,,,,,,,,,,,,,,,,,,,,,,,,,,,,,,,,,,,,,,,,,,,,,,,,,,,,,,,,,,,,,,,,,,,,,,,,,,,,,,,,,,,,,,,,,,,,,,,,,,,,,,,,,,,,,,,,,,,,,,,,,,,,,,,,,,,,,,,,,,,,,,,,,,,,,,,,,,,,,,,,,,,,,,,,,,,,,,,,,,,,,,,,,,,,,,,,,,,,,,,,,,,,,,,,,,,,,,,,,,,,,,,,,,,,,,,,,,,,,,,,,,,,,,
Road Travel - Automobile - 4W  - Avg. Taxi - City Taxi -  -  -Private/Public Travel - City Travel - AC - Avg. Fuel -  - ,,,,,,,,,,,,,,,,,,,,,,,,,,,,,,,,,,,,,,,,,,,,,,,,,,,,,,,,,,,,,,,,,,,,,,,,,,,,0.016713799,0,,,,0.014571096,0.066411263,,,,0.014571096,0.066411263,,,,0.01474747,-0.103232291,,,0.01253535,0,,,,,0.014571096,0.066411263,,,,,,kg CO2e/Rs.,,,,,,,,,,,,,,,,,,,,,,,,,,,,,0.251,,,,,,,kg CO2e/v-km,,,,,,,,,,,,,,,,,,,,,,,,,,,,,,,,,,,,,,,,,,,,,,,,,,,,,,,,,,,,,,,,,4.66,,,,,,, kg CO2/v-hr,,,,,,,,,,,,,,,,,,,,,,,,,,,,,,,,,,,,,,,,,,,,,,,,,,,,,,,,,,,,,,,,,,,,,,,,,,,,,,,,,,,,,,,,,,,,,,,,,,,,,,,,,,,,,,,,,,,,,,,,,,,,,,,,,,,,,,,,,,,,,,,,,,,,,,,,,,,,,,,,,,,,,,,,,,,,,,,,,,,,,,,,,,,,,,,,,,,,,,,,,,,,,,,,,,,,,,,,,,,,,,,,,,,,,,,,,,,,,,,,,,,,,,,,,,,,,,,,,,,,,,,,,,,,,,,,,,,,,,,,,,,,,,,,,,,,
Road Travel - Automobile - 4W  - Avg. Taxi - City Taxi -  -  -Private/Public Travel - City Travel - Non AC - Avg. Fuel -  - ,,,,,,,,,,,,,,,,,,,,,,,,,,,,,,,,,,,,,,,,,,,,,,,,,,,,,,,,,,,,,,,,,,,,,,,,,,,,0.018362561,-0.034463283,,,,0.018362561,-0.034463283,,,,0.019285153,-0.038570306,,,,0.017998956,-3.20E-16,,,0.017531957,-0.157787617,,,,,0.018362561,-0.034463283,,,,,,kg CO2e/Rs.,,,,,,,,,,,,,,,,,,,,,,,,,,,,,0.193,,,,,,,kg CO2e/v-km,,,,,,,,,,,,,,,,,,,,,,,,,,,,,,,,,,,,,,,,,,,,,,,,,,,,,,,,,,,,,,,,,3.58,,,,,,, kg CO2/v-hr,,,,,,,,,,,,,,,,,,,,,,,,,,,,,,,,,,,,,,,,,,,,,,,,,,,,,,,,,,,,,,,,,,,,,,,,,,,,,,,,,,,,,,,,,,,,,,,,,,,,,,,,,,,,,,,,,,,,,,,,,,,,,,,,,,,,,,,,,,,,,,,,,,,,,,,,,,,,,,,,,,,,,,,,,,,,,,,,,,,,,,,,,,,,,,,,,,,,,,,,,,,,,,,,,,,,,,,,,,,,,,,,,,,,,,,,,,,,,,,,,,,,,,,,,,,,,,,,,,,,,,,,,,,,,,,,,,,,,,,,,,,,,,,,,,,,
Road Travel - Bus -  -  - City Bus -  -  -Public Travel - City Travel  - AC - Avg. Fuel -  - ,,,,,,,,,,,,,,,,,,,,,,,,,,,,,,,,,,,,,,,,,,,,,,,,,,,,,,,,,,,,,,,,,,,,,,,,,,,,0.017786854,-0.104779055,,,,0.020963409,-0.136136308,,,,0.020963409,-0.136136308,,,,0.022930457,-0.230365622,,,,0.021830295,-0.136439346,,,,0.021,-0.136,,,,,,kg CO2e/Rs.,,,,,,,,,,,,,,,,,,,,,,,,,,,,,,,,,,,,,,,,,,,,,,,,,,,,,,,,,,,,,,,,,0.03,,,,,,,kg CO2e/pass-km,,,,,,,,,,,,,,,,,,,,,,,,,,,,,,,,,,,,,,,,,,,,,,,,,,,,,,,,,,,,,,,,,0.36,,,,,,,kgCO2e/pass/hr,,,,,,,,,,,,,,,,,,,,,,,,,,,,,,,,,,,,,,,,,,,,,,,,,,,,,,,,,,,,,,,,,,,,,,,,,,,,,,,,,,,,,,,,,,,,,,,,,,,,,,,,,,,,,,,,,,,,,,,,,,,,,,,,,,,,,,,,,,,,,,,,,,,,,,,,,,,,,,,,,,,,,,,,,,,,,,,,,,,,,,,,,,,,,,,,,,,,,,,,,,,,,,,,,,,,,,,,,,,,,,,,,,,,,,,,,,,,,,,,,,,,,,,,,,,,,,,,
Road Travel - Bus -  -  - City Bus -  -  -Public Travel - City Travel  - Non AC - Avg. Fuel -  - ,,,,,,,,,,,,,,,,,,,,,,,,,,,,,,,,,,,,,,,,,,,,,,,,,,,,,,,,,,,,,,,,,,,,,,,,,,,,0.022645092,-0.098737604,,,,0.031068986,-0.150806793,,,,0.031068986,-0.150806793,,,,0.033283717,-0.158598719,,,,0.015601173,-0.037821025,,,,0.031068986,-0.150806793,,,,,,kg CO2e/Rs.,,,,,,,,,,,,,,,,,,,,,,,,,,,,,,,,,,,,,,,,,,,,,,,,,,,,,,,,,,,,,,,,,0.016,,,,,,,kg CO2e/pass-km,,,,,,,,,,,,,,,,,,,,,,,,,,,,,,,,,,,,,,,,,,,,,,,,,,,,,,,,,,,,,,,,,0.19,,,,,,,kgCO2e/pass/hr,,,,,,,,,,,,,,,,,,,,,,,,,,,,,,,,,,,,,,,,,,,,,,,,,,,,,,,,,,,,,,,,,,,,,,,,,,,,,,,,,,,,,,,,,,,,,,,,,,,,,,,,,,,,,,,,,,,,,,,,,,,,,,,,,,,,,,,,,,,,,,,,,,,,,,,,,,,,,,,,,,,,,,,,,,,,,,,,,,,,,,,,,,,,,,,,,,,,,,,,,,,,,,,,,,,,,,,,,,,,,,,,,,,,,,,,,,,,,,,,,,,,,,,,,,,,,,,,
Road Travel - Bus - Single Decker -  -  -  -  -Chartered Travel - City Travel  - Non AC - Avg. Fuel -  - ,,,,,,,,,,,,,,,,,,,,,,,,,,,,,,,,,,,,,,,,,,,,,,,,,,,,,,,,,,,,,,,,,,,,,,,,,,,,,,,,,,,,,,,,,,,,,,,,,,,,,,,,,,,,,,,,,,,,,,,,,,,,,,,,,,,,,,,,,0.761016693,,,,,,,kg CO2e/v-km,,,,,,,,,,,,,,,,,,,,,,,,,,,,,0.01,,,,,,,kg CO2e/pass-km,,,,,,,,,,,,,,,,,,,,,,,,,,,,,16.17160473,,,,,,,kg CO2e/v-hr,,,,,,,,,,,,,,,,,,,,,,,,,,,,,0.22,,,,,,,kgCO2e/pass/hr,,,,,,,,,,,,,,,,,,,,,,,,,,,,,,,,,,,,,,,,,,,,,,,,,,,,,,,,,,,,,,,,,,,,,,,,,,,,,,,,,,,,,,,,,,,,,,,,,,,,,,,,,,,,,,,,,,,,,,,,,,,,,,,,,,,,,,,,,,,,,,,,,,,,,,,,,,,,,,,,,,,,,,,,,,,,,,,,,,,,,,,,,,,,,,,,,,,,,,,,,,,,,,,,,,,,,,,,,,,,,,,,,,,,,,,,,,,,,,,,,,,,,,,,,,,,,,,,
Road Travel - Bus - Single Decker -  -  -  -  -Chartered Travel - City Travel  - AC - Avg. Fuel -  - ,,,,,,,,,,,,,,,,,,,,,,,,,,,,,,,,,,,,,,,,,,,,,,,,,,,,,,,,,,,,,,,,,,,,,,,,,,,,,,,,,,,,,,,,,,,,,,,,,,,,,,,,,,,,,,,,,,,,,,,,,,,,,,,,,,,,,,,,,0.989321701,,,,,,,kg CO2e/v-km,,,,,,,,,,,,,,,,,,,,,,,,,,,,,0.02,,,,,,,kg CO2e/pass-km,,,,,,,,,,,,,,,,,,,,,,,,,,,,,21.02308615,,,,,,,kg CO2e/v-hr,,,,,,,,,,,,,,,,,,,,,,,,,,,,,0.42,,,,,,,kgCO2e/pass/hr,,,,,,,,,,,,,,,,,,,,,,,,,,,,,,,,,,,,,,,,,,,,,,,,,,,,,,,,,,,,,,,,,,,,,,,,,,,,,,,,,,,,,,,,,,,,,,,,,,,,,,,,,,,,,,,,,,,,,,,,,,,,,,,,,,,,,,,,,,,,,,,,,,,,,,,,,,,,,,,,,,,,,,,,,,,,,,,,,,,,,,,,,,,,,,,,,,,,,,,,,,,,,,,,,,,,,,,,,,,,,,,,,,,,,,,,,,,,,,,,,,,,,,,,,,,,,,,,
Road Travel - Bus - Single Decker -  -  -  -  -Public Travel - Intercity Travel  - Non AC - Avg. Fuel -  - ,,,,,,,,,,,,,,,,,,,,,,,,,,,,,,,,,,,,,,,,,,,,,,,,,,,,,,,,,,,,,,,,,,,,,,,,,,,,,,,,,,,,,,,,,,,,,,,,,,,,,,,,,,,,,,,,,,,,,,,,,,,,,,,,,,,,,,,,,0.818925639,,,,,,,kg CO2e/v-km,,,,,,,,,,,,,,,,,,,,,,,,,,,,,0.011,,,,,,,kg CO2e/pass-km,,,,,,,,,,,,,,,,,,,,,,,,,,,,,45.04091016,,,,,,,kg CO2e/v-hr,,,,,,,,,,,,,,,,,,,,,,,,,,,,,0.6,,,,,,,kgCO2e/pass/hr,,,,,,,,,,,,,,,,,,,,,,,,,,,,,,,,,,,,,,,,,,,,,,,,,,,,,,,,,,,,,,,,,,,,,,,,,,,,,,,,,,,,,,,,,,,,,,,,,,,,,,,,,,,,,,,,,,,,,,,,,,,,,,,,,,,,,,,,,,,,,,,,,,,,,,,,,,,,,,,,,,,,,,,,,,,,,,,,,,,,,,,,,,,,,,,,,,,,,,,,,,,,,,,,,,,,,,,,,,,,,,,,,,,,,,,,,,,,,,,,,,,,,,,,,,,,,,,,
Road Travel - Bus - Single Decker -  -  -  -  -Public Travel - Intercity Travel  - AC - Avg. Fuel -  - ,,,,,,,,,,,,,,,,,,,,,,,,,,,,,,,,,,,,,,,,,,,,,,,,,,,,,,,,,,,,,,,,,,,,,,,,,,,,,,,,,,,,,,,,,,,,,,,,,,,,,,,,,,,,,,,,,,,,,,,,,,,,,,,,,,,,,,,,,1.064603331,,,,,,,kg CO2e/v-km,,,,,,,,,,,,,,,,,,,,,,,,,,,,,0.022,,,,,,,kg CO2e/pass-km,,,,,,,,,,,,,,,,,,,,,,,,,,,,,58.55318321,,,,,,,kg CO2e/v-hr,,,,,,,,,,,,,,,,,,,,,,,,,,,,,1.19,,,,,,,kgCO2e/pass/hr,,,,,,,,,,,,,,,,,,,,,,,,,,,,,,,,,,,,,,,,,,,,,,,,,,,,,,,,,,,,,,,,,,,,,,,,,,,,,,,,,,,,,,,,,,,,,,,,,,,,,,,,,,,,,,,,,,,,,,,,,,,,,,,,,,,,,,,,,,,,,,,,,,,,,,,,,,,,,,,,,,,,,,,,,,,,,,,,,,,,,,,,,,,,,,,,,,,,,,,,,,,,,,,,,,,,,,,,,,,,,,,,,,,,,,,,,,,,,,,,,,,,,,,,,,,,,,,,
Rail Travel - Rail -  -  -  -  -  -Public Travel - City Travel  -  -  -  - ,,,,,,,,,,,,,,,,,,,,,,,,,,,,,,,,,,,,,,,,,,,,,,,,,,,,,,,,,,,,,,,,,,,,,,,,,,,,,,,,,,,,,,,,,,,,,,,,,,,,,,,,,,,,,,,,,,,,,,,,,,,,,,,,,,,,,,,,,,,,,,,,,,,,,,,,,,,,,,,,,,,,,,,,,,,,,,,,,,,,kg CO2e/pass/km,,,,,,,,,,,,,,,,,,,,,,,,,,,,,,,,,,,,,,,,,,,,,,,,,,,,,,,,,,,,,,,,,0.486993203,,,,,,,kgCO2e/pass/hr,,,,,,,,,,,,,,,,,,,,,,,,,,,,,,,,,,,,,,,,,,,,,,,,,,,,,,,,,,,,,,,,,,,,,,,,,,,,,,,,,,,,,,,,,,,,,,,,,,,,,,,,,,,,,,,,,,,,,,,,,,,,,,,,,,,,,,,,,,,,,,,,,,,,,,,,,,,,,,,,,,,,,,,,,,,,,,,,,,,,,,,,,,,,,,,,,,,,,,,,,,,,,,,,,,,,,,,,,,,,,,,,,,,,,,,,,,,,,,,,,,,,,,,,,,,,,,,,
Rail Travel - Rail -  -  -  -  -  -Public Travel - Intercity Travel  -  -  -  - ,,,,,,,,,,,,,,,,,,,,,,,,,,,,,,,,,,,,,,,,,,,,,,,,,,,,,,,,,,,,,,,,,,,,,,,,,,,,,,,,,,,,,,,,,,,,,,,,,,,,,,,,,,,,,,,,,,,,,,,,,,,,,,,,,,,,,,,,,,,,,,,,,,,,,,,,,,,,,,,,,,,,,,,,,,,,,,,,,,,,kg CO2e/pass/km,,,,,,,,,,,,,,,,,,,,,,,,,,,,,,,,,,,,,,,,,,,,,,,,,,,,,,,,,,,,,,,,,0.580049814,,,,,,,kgCO2e/pass/hr,,,,,,,,,,,,,,,,,,,,,,,,,,,,,,,,,,,,,,,,,,,,,,,,,,,,,,,,,,,,,,,,,,,,,,,,,,,,,,,,,,,,,,,,,,,,,,,,,,,,,,,,,,,,,,,,,,,,,,,,,,,,,,,,,,,,,,,,,,,,,,,,,,,,,,,,,,,,,,,,,,,,,,,,,,,,,,,,,,,,,,,,,,,,,,,,,,,,,,,,,,,,,,,,,,,,,,,,,,,,,,,,,,,,,,,,,,,,,,,,,,,,,,,,,,,,,,,,
Air Travel - Narrow-Body Aircraft -  -  - Avg. Dom. Airline -  -  -Public Travel - Domestic Travel - Short Haul - Economy Class - Excluding Circling Ineff. - ,,,,,,,,,,,,,,,,,,,,,,,,,,,,,,,,,,,,,,,,,,,,,,,,,,,,,,,,,,,,,,,,,,,,,,,,,,,,,,,,,,,,,,,,,,,,,,,,,,,,,,,,,,,,,,,,,,,,,,,,,,,,,,,,,,,,,,,,,,,,,,,,,,,,,,,,,,,,,,,,,,,,,,,,,,,,,0.06004834,22.69589202,,,,,,kg CO2e/pass/km,,,,,,,,,,,,,,,,,,,,,,,,,,,,,,,,,,,,,,,,,,,,,,,,,,,,,,,,,,,,,,,,,46.62397359,22.69589202,,,,,,kgCO2e/pass/hr,,,,,,,,,,,,,,,,,,,,,,,,,,,,,,,,,,,,,,,,,,,,,,,,,,,,,,,,,,,,,,,,,,,,,,,,,,,,,,,,,,,,,,,,,,,,,,,,,,,,,,,,,,,,,,,,,,,,,,,,,,,,,,,,,,,,,,,,,75.0555703,,,,,,,kgCO2e/pass/flight,,,,,,,,,,,,,,,,,,,,,,,,,,,,,,,,,,,,,,,,,,,,,,,,,,,,,,,,,,,,,,,,,,,,,,,,,,,,,,,,,,,,,,,,,,,,,,,,,,,,,,,,,,,,,,,,
Air Travel - Narrow-Body Aircraft -  -  - Avg. Dom. Airline -  -  -Public Travel - Domestic Travel - Short Haul - Economy Class - Including Circling Ineff. - ,,,,,,,,,,,,,,,,,,,,,,,,,,,,,,,,,,,,,,,,,,,,,,,,,,,,,,,,,,,,,,,,,,,,,,,,,,,,,,,,,,,,,,,,,,,,,,,,,,,,,,,,,,,,,,,,,,,,,,,,,,,,,,,,,,,,,,,,,,,,,,,,,,,,,,,,,,,,,,,,,,,,,,,,,,,,,0.09097578,34.38523798,,,,,,kg CO2e/pass/km,,,,,,,,,,,,,,,,,,,,,,,,,,,,,,,,,,,,,,,,,,,,,,,,,,,,,,,,,,,,,,,,,70.63729533,34.38523798,,,,,,kgCO2e/pass/hr,,,,,,,,,,,,,,,,,,,,,,,,,,,,,,,,,,,,,,,,,,,,,,,,,,,,,,,,,,,,,,,,,,,,,,,,,,,,,,,,,,,,,,,,,,,,,,,,,,,,,,,,,,,,,,,,,,,,,,,,,,,,,,,,,,,,,,,,,113.7123689,,,,,,,kgCO2e/pass/flight,,,,,,,,,,,,,,,,,,,,,,,,,,,,,,,,,,,,,,,,,,,,,,,,,,,,,,,,,,,,,,,,,,,,,,,,,,,,,,,,,,,,,,,,,,,,,,,,,,,,,,,,,,,,,,,,
Air Travel - Narrow-Body Aircraft -  -  - Avg. Dom. Airline -  -  -Public Travel - Domestic Travel - Medium Haul - Economy Class - Excluding Circling Ineff. - ,,,,,,,,,,,,,,,,,,,,,,,,,,,,,,,,,,,,,,,,,,,,,,,,,,,,,,,,,,,,,,,,,,,,,,,,,,,,,,,,,,,,,,,,,,,,,,,,,,,,,,,,,,,,,,,,,,,,,,,,,,,,,,,,,,,,,,,,,,,,,,,,,,,,,,,,,,,,,,,,,,,,,,,,,,,,,0.06004834,22.69589202,,,,,,kg CO2e/pass/km,,,,,,,,,,,,,,,,,,,,,,,,,,,,,,,,,,,,,,,,,,,,,,,,,,,,,,,,,,,,,,,,,46.62397359,22.69589202,,,,,,kgCO2e/pass/hr,,,,,,,,,,,,,,,,,,,,,,,,,,,,,,,,,,,,,,,,,,,,,,,,,,,,,,,,,,,,,,,,,,,,,,,,,,,,,,,,,,,,,,,,,,,,,,,,,,,,,,,,,,,,,,,,,,,,,,,,,,,,,,,,,,,,,,,,,101.2354094,,,,,,,kgCO2e/pass/flight,,,,,,,,,,,,,,,,,,,,,,,,,,,,,,,,,,,,,,,,,,,,,,,,,,,,,,,,,,,,,,,,,,,,,,,,,,,,,,,,,,,,,,,,,,,,,,,,,,,,,,,,,,,,,,,,
Air Travel - Narrow-Body Aircraft -  -  - Avg. Dom. Airline -  -  -Public Travel - Domestic Travel - Medium Haul - Economy Class - Including Circling Ineff. - ,,,,,,,,,,,,,,,,,,,,,,,,,,,,,,,,,,,,,,,,,,,,,,,,,,,,,,,,,,,,,,,,,,,,,,,,,,,,,,,,,,,,,,,,,,,,,,,,,,,,,,,,,,,,,,,,,,,,,,,,,,,,,,,,,,,,,,,,,,,,,,,,,,,,,,,,,,,,,,,,,,,,,,,,,,,,,0.09097578,34.38523798,,,,,,kg CO2e/pass/km,,,,,,,,,,,,,,,,,,,,,,,,,,,,,,,,,,,,,,,,,,,,,,,,,,,,,,,,,,,,,,,,,70.63729533,34.38523798,,,,,,kgCO2e/pass/hr,,,,,,,,,,,,,,,,,,,,,,,,,,,,,,,,,,,,,,,,,,,,,,,,,,,,,,,,,,,,,,,,,,,,,,,,,,,,,,,,,,,,,,,,,,,,,,,,,,,,,,,,,,,,,,,,,,,,,,,,,,,,,,,,,,,,,,,,,153.3759344,,,,,,,kgCO2e/pass/flight,,,,,,,,,,,,,,,,,,,,,,,,,,,,,,,,,,,,,,,,,,,,,,,,,,,,,,,,,,,,,,,,,,,,,,,,,,,,,,,,,,,,,,,,,,,,,,,,,,,,,,,,,,,,,,,,
Air Travel - Narrow-Body Aircraft -  -  - Avg. Dom. Airline -  -  -Public Travel - Domestic Travel - Long Haul - Economy Class - Excluding Circling Ineff. - ,,,,,,,,,,,,,,,,,,,,,,,,,,,,,,,,,,,,,,,,,,,,,,,,,,,,,,,,,,,,,,,,,,,,,,,,,,,,,,,,,,,,,,,,,,,,,,,,,,,,,,,,,,,,,,,,,,,,,,,,,,,,,,,,,,,,,,,,,,,,,,,,,,,,,,,,,,,,,,,,,,,,,,,,,,,,,0.06004834,22.69589202,,,,,,kg CO2e/pass/km,,,,,,,,,,,,,,,,,,,,,,,,,,,,,,,,,,,,,,,,,,,,,,,,,,,,,,,,,,,,,,,,,46.62397359,22.69589202,,,,,,kgCO2e/pass/hr,,,,,,,,,,,,,,,,,,,,,,,,,,,,,,,,,,,,,,,,,,,,,,,,,,,,,,,,,,,,,,,,,,,,,,,,,,,,,,,,,,,,,,,,,,,,,,,,,,,,,,,,,,,,,,,,,,,,,,,,,,,,,,,,,,,,,,,,,127.1534502,,,,,,,kgCO2e/pass/flight,,,,,,,,,,,,,,,,,,,,,,,,,,,,,,,,,,,,,,,,,,,,,,,,,,,,,,,,,,,,,,,,,,,,,,,,,,,,,,,,,,,,,,,,,,,,,,,,,,,,,,,,,,,,,,,,
Air Travel - Narrow-Body Aircraft -  -  - Avg. Dom. Airline -  -  -Public Travel - Domestic Travel - Long Haul - Economy Class - Including Circling Ineff. - ,,,,,,,,,,,,,,,,,,,,,,,,,,,,,,,,,,,,,,,,,,,,,,,,,,,,,,,,,,,,,,,,,,,,,,,,,,,,,,,,,,,,,,,,,,,,,,,,,,,,,,,,,,,,,,,,,,,,,,,,,,,,,,,,,,,,,,,,,,,,,,,,,,,,,,,,,,,,,,,,,,,,,,,,,,,,,0.09097578,34.38523798,,,,,,kg CO2e/pass/km,,,,,,,,,,,,,,,,,,,,,,,,,,,,,,,,,,,,,,,,,,,,,,,,,,,,,,,,,,,,,,,,,70.63729533,34.38523798,,,,,,kgCO2e/pass/hr,,,,,,,,,,,,,,,,,,,,,,,,,,,,,,,,,,,,,,,,,,,,,,,,,,,,,,,,,,,,,,,,,,,,,,,,,,,,,,,,,,,,,,,,,,,,,,,,,,,,,,,,,,,,,,,,,,,,,,,,,,,,,,,,,,,,,,,,,192.6428642,,,,,,,kgCO2e/pass/flight,,,,,,,,,,,,,,,,,,,,,,,,,,,,,,,,,,,,,,,,,,,,,,,,,,,,,,,,,,,,,,,,,,,,,,,,,,,,,,,,,,,,,,,,,,,,,,,,,,,,,,,,,,,,,,,,
Air Travel - Narrow-Body Aircraft -  -  - Avg. Dom. Airline -  -  -Public Travel - Domestic Travel - Short Haul - First / Business Class - Excluding Circling Ineff. - ,,,,,,,,,,,,,,,,,,,,,,,,,,,,,,,,,,,,,,,,,,,,,,,,,,,,,,,,,,,,,,,,,,,,,,,,,,,,,,,,,,,,,,,,,,,,,,,,,,,,,,,,,,,,,,,,,,,,,,,,,,,,,,,,,,,,,,,,,,,,,,,,,,,,,,,,,,,,,,,,,,,,,,,,,,,,,0.18029395,68.14396547,,,,,,kg CO2e/pass/km,,,,,,,,,,,,,,,,,,,,,,,,,,,,,,,,,,,,,,,,,,,,,,,,,,,,,,,,,,,,,,,,,139.9875556,68.14396547,,,,,,kgCO2e/pass/hr,,,,,,,,,,,,,,,,,,,,,,,,,,,,,,,,,,,,,,,,,,,,,,,,,,,,,,,,,,,,,,,,,,,,,,,,,,,,,,,,,,,,,,,,,,,,,,,,,,,,,,,,,,,,,,,,,,,,,,,,,,,,,,,,,,,,,,,,,225.3528606,,,,,,,kgCO2e/pass/flight,,,,,,,,,,,,,,,,,,,,,,,,,,,,,,,,,,,,,,,,,,,,,,,,,,,,,,,,,,,,,,,,,,,,,,,,,,,,,,,,,,,,,,,,,,,,,,,,,,,,,,,,,,,,,,,,
Air Travel - Narrow-Body Aircraft -  -  - Avg. Dom. Airline -  -  -Public Travel - Domestic Travel - Short Haul - First / Business Class - Including Circling Ineff. - ,,,,,,,,,,,,,,,,,,,,,,,,,,,,,,,,,,,,,,,,,,,,,,,,,,,,,,,,,,,,,,,,,,,,,,,,,,,,,,,,,,,,,,,,,,,,,,,,,,,,,,,,,,,,,,,,,,,,,,,,,,,,,,,,,,,,,,,,,,,,,,,,,,,,,,,,,,,,,,,,,,,,,,,,,,,,,0.273152973,103.2409948,,,,,,kg CO2e/pass/km,,,,,,,,,,,,,,,,,,,,,,,,,,,,,,,,,,,,,,,,,,,,,,,,,,,,,,,,,,,,,,,,,212.0870777,103.2409948,,,,,,kgCO2e/pass/hr,,,,,,,,,,,,,,,,,,,,,,,,,,,,,,,,,,,,,,,,,,,,,,,,,,,,,,,,,,,,,,,,,,,,,,,,,,,,,,,,,,,,,,,,,,,,,,,,,,,,,,,,,,,,,,,,,,,,,,,,,,,,,,,,,,,,,,,,,341.4191315,,,,,,,kgCO2e/pass/flight,,,,,,,,,,,,,,,,,,,,,,,,,,,,,,,,,,,,,,,,,,,,,,,,,,,,,,,,,,,,,,,,,,,,,,,,,,,,,,,,,,,,,,,,,,,,,,,,,,,,,,,,,,,,,,,,
Air Travel - Narrow-Body Aircraft -  -  - Avg. Dom. Airline -  -  -Public Travel - Domestic Travel - Medium Haul - First / Business Class - Excluding Circling Ineff. - ,,,,,,,,,,,,,,,,,,,,,,,,,,,,,,,,,,,,,,,,,,,,,,,,,,,,,,,,,,,,,,,,,,,,,,,,,,,,,,,,,,,,,,,,,,,,,,,,,,,,,,,,,,,,,,,,,,,,,,,,,,,,,,,,,,,,,,,,,,,,,,,,,,,,,,,,,,,,,,,,,,,,,,,,,,,,,0.18029395,68.14396547,,,,,,kg CO2e/pass/km,,,,,,,,,,,,,,,,,,,,,,,,,,,,,,,,,,,,,,,,,,,,,,,,,,,,,,,,,,,,,,,,,139.9875556,68.14396547,,,,,,kgCO2e/pass/hr,,,,,,,,,,,,,,,,,,,,,,,,,,,,,,,,,,,,,,,,,,,,,,,,,,,,,,,,,,,,,,,,,,,,,,,,,,,,,,,,,,,,,,,,,,,,,,,,,,,,,,,,,,,,,,,,,,,,,,,,,,,,,,,,,,,,,,,,,303.9573082,,,,,,,kgCO2e/pass/flight,,,,,,,,,,,,,,,,,,,,,,,,,,,,,,,,,,,,,,,,,,,,,,,,,,,,,,,,,,,,,,,,,,,,,,,,,,,,,,,,,,,,,,,,,,,,,,,,,,,,,,,,,,,,,,,,
Air Travel - Narrow-Body Aircraft -  -  - Avg. Dom. Airline -  -  -Public Travel - Domestic Travel - Medium Haul - First / Business Class - Including Circling Ineff. - ,,,,,,,,,,,,,,,,,,,,,,,,,,,,,,,,,,,,,,,,,,,,,,,,,,,,,,,,,,,,,,,,,,,,,,,,,,,,,,,,,,,,,,,,,,,,,,,,,,,,,,,,,,,,,,,,,,,,,,,,,,,,,,,,,,,,,,,,,,,,,,,,,,,,,,,,,,,,,,,,,,,,,,,,,,,,,0.273152973,103.2409948,,,,,,kg CO2e/pass/km,,,,,,,,,,,,,,,,,,,,,,,,,,,,,,,,,,,,,,,,,,,,,,,,,,,,,,,,,,,,,,,,,212.0870777,103.2409948,,,,,,kgCO2e/pass/hr,,,,,,,,,,,,,,,,,,,,,,,,,,,,,,,,,,,,,,,,,,,,,,,,,,,,,,,,,,,,,,,,,,,,,,,,,,,,,,,,,,,,,,,,,,,,,,,,,,,,,,,,,,,,,,,,,,,,,,,,,,,,,,,,,,,,,,,,,460.5081998,,,,,,,kgCO2e/pass/flight,,,,,,,,,,,,,,,,,,,,,,,,,,,,,,,,,,,,,,,,,,,,,,,,,,,,,,,,,,,,,,,,,,,,,,,,,,,,,,,,,,,,,,,,,,,,,,,,,,,,,,,,,,,,,,,,
Air Travel - Narrow-Body Aircraft -  -  - Avg. Dom. Airline -  -  -Public Travel - Domestic Travel - Long Haul - First / Business Class - Excluding Circling Ineff. - ,,,,,,,,,,,,,,,,,,,,,,,,,,,,,,,,,,,,,,,,,,,,,,,,,,,,,,,,,,,,,,,,,,,,,,,,,,,,,,,,,,,,,,,,,,,,,,,,,,,,,,,,,,,,,,,,,,,,,,,,,,,,,,,,,,,,,,,,,,,,,,,,,,,,,,,,,,,,,,,,,,,,,,,,,,,,,0.18029395,68.14396547,,,,,,kg CO2e/pass/km,,,,,,,,,,,,,,,,,,,,,,,,,,,,,,,,,,,,,,,,,,,,,,,,,,,,,,,,,,,,,,,,,139.9875556,68.14396547,,,,,,kgCO2e/pass/hr,,,,,,,,,,,,,,,,,,,,,,,,,,,,,,,,,,,,,,,,,,,,,,,,,,,,,,,,,,,,,,,,,,,,,,,,,,,,,,,,,,,,,,,,,,,,,,,,,,,,,,,,,,,,,,,,,,,,,,,,,,,,,,,,,,,,,,,,,381.7757113,,,,,,,kgCO2e/pass/flight,,,,,,,,,,,,,,,,,,,,,,,,,,,,,,,,,,,,,,,,,,,,,,,,,,,,,,,,,,,,,,,,,,,,,,,,,,,,,,,,,,,,,,,,,,,,,,,,,,,,,,,,,,,,,,,,
Air Travel - Narrow-Body Aircraft -  -  - Avg. Dom. Airline -  -  -Public Travel - Domestic Travel - Long Haul - First / Business Class - Including Circling Ineff. - ,,,,,,,,,,,,,,,,,,,,,,,,,,,,,,,,,,,,,,,,,,,,,,,,,,,,,,,,,,,,,,,,,,,,,,,,,,,,,,,,,,,,,,,,,,,,,,,,,,,,,,,,,,,,,,,,,,,,,,,,,,,,,,,,,,,,,,,,,,,,,,,,,,,,,,,,,,,,,,,,,,,,,,,,,,,,,0.273152973,103.2409948,,,,,,kg CO2e/pass/km,,,,,,,,,,,,,,,,,,,,,,,,,,,,,,,,,,,,,,,,,,,,,,,,,,,,,,,,,,,,,,,,,212.0870777,103.2409948,,,,,,kgCO2e/pass/hr,,,,,,,,,,,,,,,,,,,,,,,,,,,,,,,,,,,,,,,,,,,,,,,,,,,,,,,,,,,,,,,,,,,,,,,,,,,,,,,,,,,,,,,,,,,,,,,,,,,,,,,,,,,,,,,,,,,,,,,,,,,,,,,,,,,,,,,,,578.4063775,,,,,,,kgCO2e/pass/flight,,,,,,,,,,,,,,,,,,,,,,,,,,,,,,,,,,,,,,,,,,,,,,,,,,,,,,,,,,,,,,,,,,,,,,,,,,,,,,,,,,,,,,,,,,,,,,,,,,,,,,,,,,,,,,,,
Air Travel - Wide-Body Aircraft -  -  - Avg. Int. Airline -  -  -Public Travel - International Travel - Short Haul - Economy Class - Excluding Circling Ineff. - ,,,,,,,,,,,,,,,,,,,,,,,,,,,,,,,,,,,,,,,,,,,,,,,,,,,,,,,,,,,,,,,,,,,,,,,,,,,,,,,,,,,,,,,,,,,,,,,,,,,,,,,,,,,,,,,,,,,,,,,,,,,,,,,,,,,,,,,,,,,,,,,,,,,,,,,,,,,,,,,,,,,,,,,,,,,,,0.062254292,19.19496702,,,,,,kg CO2e/pass/km,,,,,,,,,,,,,,,,,,,,,,,,,,,,,,,,,,,,,,,,,,,,,,,,,,,,,,,,,,,,,,,,,54.76,19.19,,,,,,,,,,,,,,,,,,,,,,,,,,,,,,,,,,,,,,,,,,,,,,,,,,,,,,,,,,,,,,,,,,,,,,,,,,,,,,,,,,,,,,,,,,,,,,,,,,,,,,,,,,,,,,,,,,,,,,,,,,,,,,,,,,,,,,,,,,,,,,,238.2310329,,,,,,,,,,,,,,,,,,,,,,,,,,,,,,,,,,,,,,,,,,,,,,,,,,,,,,,,,,,,,,,,,,,,,,,,,,,,,,,,,,,,,,,,,,,,,,,,,,,,,,,,,,,,,,,,,,,,,,,
Air Travel - Wide-Body Aircraft -  -  - Avg. Int. Airline -  -  -Public Travel - International Travel - Medium Haul - Economy Class - Excluding Circling Ineff. - ,,,,,,,,,,,,,,,,,,,,,,,,,,,,,,,,,,,,,,,,,,,,,,,,,,,,,,,,,,,,,,,,,,,,,,,,,,,,,,,,,,,,,,,,,,,,,,,,,,,,,,,,,,,,,,,,,,,,,,,,,,,,,,,,,,,,,,,,,,,,,,,,,,,,,,,,,,,,,,,,,,,,,,,,,,,,,0.068857255,-14.08415682,,,,,,kg CO2e/pass/km,,,,,,,,,,,,,,,,,,,,,,,,,,,,,,,,,,,,,,,,,,,,,,,,,,,,,,,,,,,,,,,,,60.57,-14.08,,,,,,,,,,,,,,,,,,,,,,,,,,,,,,,,,,,,,,,,,,,,,,,,,,,,,,,,,,,,,,,,,,,,,,,,,,,,,,,,,,,,,,,,,,,,,,,,,,,,,,,,,,,,,,,,,,,,,,,,,,,,,,,,,,,,,,,,,,,,,,,470.4518276,,,,,,,,,,,,,,,,,,,,,,,,,,,,,,,,,,,,,,,,,,,,,,,,,,,,,,,,,,,,,,,,,,,,,,,,,,,,,,,,,,,,,,,,,,,,,,,,,,,,,,,,,,,,,,,,,,,,,,,
Air Travel - Wide-Body Aircraft -  -  - Avg. Int. Airline -  -  -Public Travel - International Travel - Long Haul - Economy Class - Excluding Circling Ineff. - ,,,,,,,,,,,,,,,,,,,,,,,,,,,,,,,,,,,,,,,,,,,,,,,,,,,,,,,,,,,,,,,,,,,,,,,,,,,,,,,,,,,,,,,,,,,,,,,,,,,,,,,,,,,,,,,,,,,,,,,,,,,,,,,,,,,,,,,,,,,,,,,,,,,,,,,,,,,,,,,,,,,,,,,,,,,,,0.084095692,-83.89443457,,,,,,kg CO2e/pass/km,,,,,,,,,,,,,,,,,,,,,,,,,,,,,,,,,,,,,,,,,,,,,,,,,,,,,,,,,,,,,,,,,73.97,-83.89,,,,,,,,,,,,,,,,,,,,,,,,,,,,,,,,,,,,,,,,,,,,,,,,,,,,,,,,,,,,,,,,,,,,,,,,,,,,,,,,,,,,,,,,,,,,,,,,,,,,,,,,,,,,,,,,,,,,,,,,,,,,,,,,,,,,,,,,,,,,,,,803.7547065,,,,,,,,,,,,,,,,,,,,,,,,,,,,,,,,,,,,,,,,,,,,,,,,,,,,,,,,,,,,,,,,,,,,,,,,,,,,,,,,,,,,,,,,,,,,,,,,,,,,,,,,,,,,,,,,,,,,,,,
Air Travel - Wide-Body Aircraft -  -  - Avg. Int. Airline -  -  -Public Travel - International Travel - Short Haul - First / Business Class - Excluding Circling Ineff. - ,,,,,,,,,,,,,,,,,,,,,,,,,,,,,,,,,,,,,,,,,,,,,,,,,,,,,,,,,,,,,,,,,,,,,,,,,,,,,,,,,,,,,,,,,,,,,,,,,,,,,,,,,,,,,,,,,,,,,,,,,,,,,,,,,,,,,,,,,,,,,,,,,,,,,,,,,,,,,,,,,,,,,,,,,,,,,0.177075345,54.59792914,,,,,,kg CO2e/pass/km,,,,,,,,,,,,,,,,,,,,,,,,,,,,,,,,,,,,,,,,,,,,,,,,,,,,,,,,,,,,,,,,,155.76,54.6,,,,,,,,,,,,,,,,,,,,,,,,,,,,,,,,,,,,,,,,,,,,,,,,,,,,,,,,,,,,,,,,,,,,,,,,,,,,,,,,,,,,,,,,,,,,,,,,,,,,,,,,,,,,,,,,,,,,,,,,,,,,,,,,,,,,,,,,,,,,,,,677.6214329,,,,,,,,,,,,,,,,,,,,,,,,,,,,,,,,,,,,,,,,,,,,,,,,,,,,,,,,,,,,,,,,,,,,,,,,,,,,,,,,,,,,,,,,,,,,,,,,,,,,,,,,,,,,,,,,,,,,,,,
Air Travel - Wide-Body Aircraft -  -  - Avg. Int. Airline -  -  -Public Travel - International Travel - Medium Haul - First / Business Class - Excluding Circling Ineff. - ,,,,,,,,,,,,,,,,,,,,,,,,,,,,,,,,,,,,,,,,,,,,,,,,,,,,,,,,,,,,,,,,,,,,,,,,,,,,,,,,,,,,,,,,,,,,,,,,,,,,,,,,,,,,,,,,,,,,,,,,,,,,,,,,,,,,,,,,,,,,,,,,,,,,,,,,,,,,,,,,,,,,,,,,,,,,,0.177075345,54.59792914,,,,,,kg CO2e/pass/km,,,,,,,,,,,,,,,,,,,,,,,,,,,,,,,,,,,,,,,,,,,,,,,,,,,,,,,,,,,,,,,,,172.28,-40.06,,,,,,,,,,,,,,,,,,,,,,,,,,,,,,,,,,,,,,,,,,,,,,,,,,,,,,,,,,,,,,,,,,,,,,,,,,,,,,,,,,,,,,,,,,,,,,,,,,,,,,,,,,,,,,,,,,,,,,,,,,,,,,,,,,,,,,,,,,,,,,,1338.147418,,,,,,,,,,,,,,,,,,,,,,,,,,,,,,,,,,,,,,,,,,,,,,,,,,,,,,,,,,,,,,,,,,,,,,,,,,,,,,,,,,,,,,,,,,,,,,,,,,,,,,,,,,,,,,,,,,,,,,,
Air Travel - Wide-Body Aircraft -  -  - Avg. Int. Airline -  -  -Public Travel - International Travel - Long Haul - First / Business Class - Excluding Circling Ineff. - ,,,,,,,,,,,,,,,,,,,,,,,,,,,,,,,,,,,,,,,,,,,,,,,,,,,,,,,,,,,,,,,,,,,,,,,,,,,,,,,,,,,,,,,,,,,,,,,,,,,,,,,,,,,,,,,,,,,,,,,,,,,,,,,,,,,,,,,,,,,,,,,,,,,,,,,,,,,,,,,,,,,,,,,,,,,,,0.177075345,54.59792914,,,,,,kg CO2e/pass/km,,,,,,,,,,,,,,,,,,,,,,,,,,,,,,,,,,,,,,,,,,,,,,,,,,,,,,,,,,,,,,,,,210.4,-238.63,,,,,,,,,,,,,,,,,,,,,,,,,,,,,,,,,,,,,,,,,,,,,,,,,,,,,,,,,,,,,,,,,,,,,,,,,,,,,,,,,,,,,,,,,,,,,,,,,,,,,,,,,,,,,,,,,,,,,,,,,,,,,,,,,,,,,,,,,,,,,,,2286.190045,,,,,,,,,,,,,,,,,,,,,,,,,,,,,,,,,,,,,,,,,,,,,,,,,,,,,,,,,,,,,,,,,,,,,,,,,,,,,,,,,,,,,,,,,,,,,,,,,,,,,,,,,,,,,,,,,,,,,,,
Dairy - Milk - Avg. -  -  -  -  -  - -  -  - Unprocessed -  - ,,,,,,,,,,,,,,,,,,,,,,,,,,,,,,,,,,,,kg CO2e/kg,,,,,,,,,,,,,,,,,,,,,,,,,,,,,0.833869675,,,,,,,kg CO2e/liter,,,,,,,,,,,,,,,,,,,,,,,,,,,,,,,,,,,,,,,,,,,,,,,,,,,,,,,,,,,,,,,,,,,,,,,,,,,,,,,,,,,,,,,,,,,,,,,,,,,,,,,,,,,,,,,,,,,,,,,,,,,,,,,,,,,,,,,,,,,,,,,,,,,,,,,,,,,,,,,,,,,,,,,,,,,,,,,,,,,,,,,,,,,,,,,,,,,,,,,,,,,,,,,,,,,,,,,,,,,,,,,,,,,,,,,,,,,,,,,,,,,,,,,,,,,,,,,,,,,,,,,,,,,,,,,,,,,,,,,,,,,,,,,,,,,,,,,,,,,,,,,,,,,,,,,,,,,,,,,,,,,,,,,,,,,,,,,,,,,,,,,,,,,,,,,,,,,,,,,,,,,,,,,,,,,,,,,,,,,,,,,,,,,,,,,,,,,,,,,,,,,,,,,,,,,,,,,,,,,,,,,,,,,,,,,,,,,,
Meat - Meat Avg. -  -  -  -  -  - -  -  - Unprocessed -  - ,,,,,,,,,,,,,,,,,,,,,,,,,,,,,9.66,,,,,,,kg CO2e/kg,,,,,,,,,,,,,,,,,,,,,,,,,,,,,,,,,,,,,,,,,,,,,,,,,,,,,,,,,,,,,,,,,,,,,,,,,,,,,,,,,,,,,,,,,,,,,,,,,,,,,,,,,,,,,,,,,,,,,,,,,,,,,,,,,,,,,,,,,,,,,,,,,,,,,,,,,,,,,,,,,,,,,,,,,,,,,,,,,,,,,,,,,,,,,,,,,,,,,,,,,,,,,,,,,,,,,,,,,,,,,,,,,,,,,,,,,,,,,,,,,,,,,,,,,,,,,,,,,,,,,,,,,,,,,,,,,,,,,,,,,,,,,,,,,,,,,,,,,,,,,,,,,,,,,,,,,,,,,,,,,,,,,,,,,,,,,,,,,,,,,,,,,,,,,,,,,,,,,,,,,,,,,,,,,,,,,,,,,,,,,,,,,,,,,,,,,,,,,,,,,,,,,,,,,,,,,,,,,,,,,,,,,,,,,,,,,,,,,,,,,,,,,,,,,,,,,,,,,,,,,,,,,,,,,,,,
Rice -  -  -  -  -  -  - -  -  - Unprocessed -  - ,,,,,,,,,,,,,,,,,,,,,,,,,,,,,0.92,,,,,,,,,,,,,,,,,,,,,,,,,,,,,,,,,,,,,,,,,,,,,,,,,,,,,,,,,,,,,,,,,,,,,,,,,,,,,,,,,,,,,,,,,,,,,,,,,,,,,,,,,,,,,,,,,,,,,,,,,,,,,,,,,,,,,,,,,,,,,,,,,,,,,,,,,,,,,,,,,,,,,,,,,,,,,,,,,,,,,,,,,,,,,,,,,,,,,,,,,,,,,,,,,,,,,,,,,,,,,,,,,,,,,,,,,,,,,,,,,,,,,,,,,,,,,,,,,,,,,,,,,,,,,,,,,,,,,,,,,,,,,,,,,,,,,,,,,,,,,,,,,,,,,,,,,,,,,,,,,,,,,,,,,,,,,,,,,,,,,,,,,,,,,,,,,,,,,,,,,,,,,,,,,,,,,,,,,,,,,,,,,,,,,,,,,,,,,,,,,,,,,,,,,,,,,,,,,,,,,,,,,,,,,,,,,,,,,,,,,,,,,,,,,,,,,,,,,,,,,,,,,,,,,,,,,,,,,,,
